,P8MEA_LO,P8MEA_AV,P8MEA_HI,P8MEA
0,0.23,-0.04,-0.31,-0.1
1,0.22,0.87,0.55,0.65
3,0.02,-0.23,-0.5,-0.26
4,0.35,-0.23,-0.14,-0.08
5,-0.13,-0.21,0.16,-0.04
6,0.39,-0.27,-0.68,-0.28
7,0.86,0.88,0.42,0.65
8,0.74,0.08,0.43,0.28
9,-0.55,-0.15,-0.1,-0.18
10,-0.92,-1.2,-1.14,-1.11
11,-0.63,-0.66,-0.68,-0.66
12,-0.47,-1.06,-1.18,-1.02
13,0.88,0.92,0.91,0.91
14,0.61,0.75,0.74,0.74
15,0.06,0.1,-0.06,0.04
16,-0.2,0.46,0.72,0.55
17,0.19,0.05,0.26,0.14
18,-0.23,-0.35,-0.53,-0.39
19,0.4,0.34,0.2,0.31
20,0.86,1.1,0.95,1.01
21,-0.01,0.03,0.07,0.04
22,0.49,0.47,0.53,0.5
23,0.55,0.48,0.48,0.49
24,0.25,0.45,-0.15,0.21
25,0.99,1.14,0.48,0.85
26,0.53,0.01,0.15,0.16
28,-0.5,-0.17,-0.34,-0.28
29,-0.29,0.01,-0.15,-0.08
30,0.49,0.15,-0.21,0.06
31,0.09,0.32,0.39,0.32
32,-0.61,-0.78,-0.69,-0.72
33,0.22,0.72,0.94,0.76
34,-0.06,0.11,0.47,0.24
35,0.05,-0.3,-0.8,-0.31
36,1.08,0.83,0.52,0.7
37,0.07,0.18,-0.09,0.06
38,-0.47,0.72,0.18,0.37
39,1.37,0.57,-0.14,0.45
40,0.12,0.38,-0.22,0.14
41,0.26,0.04,0.39,0.22
42,1.1,1.01,0.74,0.93
43,0.29,-0.02,0.05,0.04
44,0.15,-0.01,-0.15,-0.04
45,0.27,-0.25,-0.69,-0.38
46,0.7,0.42,0.36,0.43
47,0.87,0.89,0.45,0.69
48,0.09,-0.21,-0.13,-0.15
49,0.39,-0.32,-0.39,-0.29
50,-0.18,-0.64,-0.53,-0.53
51,-0.34,-0.5,-0.29,-0.41
52,0.62,-0.07,0.36,0.22
53,-1.28,-0.57,-0.84,-0.73
54,0.28,-0.83,-1.39,-0.86
55,-0.82,0.04,-0.17,-0.15
56,-0.57,0.18,-0.3,-0.09
57,0.33,0.01,-0.22,-0.06
58,0.13,-0.08,-0.4,-0.21
59,0.3,0.84,0.36,0.56
60,1.42,1.25,0.39,0.9
61,0.87,0.2,0.11,0.22
62,0.57,0.63,0.55,0.6
63,1.05,1.4,0.58,1.1
64,1.29,0.84,0.85,0.91
65,1.23,0.68,0.79,0.79
66,1.26,0.18,-0.1,0.3
67,0.55,0.71,0.09,0.38
68,0.35,0.05,0.34,0.19
69,1.57,0.22,0.45,0.49
70,0.89,0.11,-0.11,0.22
71,0.92,1.03,0.97,0.99
72,1.2,0.69,0.32,0.59
73,0.37,0.37,-0.19,0.19
74,1.27,0.79,0.61,0.78
75,0.97,0.86,0.23,0.63
76,0.6,0.28,0.39,0.37
77,1.15,0.52,0.41,0.52
78,1.25,1.04,0.64,0.91
79,0.66,0.1,-0.25,0.06
80,0.46,0.38,0.24,0.34
81,0.15,0.45,0.48,0.4
82,0.72,0.74,0.46,0.65
83,1.4,0.94,0.91,0.96
84,1.01,0.44,-0.16,0.37
85,-0.18,0.07,0.04,0.02
86,-0.19,-0.38,-0.93,-0.51
87,-0.49,-0.69,-0.77,-0.69
88,-0.72,-0.56,-0.83,-0.66
89,-0.26,-0.28,-0.4,-0.32
90,0.3,0.33,-0.32,0.08
91,0.66,0.66,0.29,0.49
92,-0.58,-0.18,-0.63,-0.38
93,0.02,0.15,0.3,0.2
94,2.27,2.08,1.61,1.9
95,0.72,0.66,0.77,0.72
96,0.03,0.33,0.19,0.23
97,0.39,0.12,0.12,0.16
98,0.57,0.45,0.39,0.47
99,1.16,0.54,0.27,0.46
100,0.73,-0.13,0.23,0.17
101,0.89,0.81,0.61,0.74
102,0.2,-0.05,-0.24,-0.07
103,0.45,0.45,0.26,0.37
104,0.63,0.83,0.58,0.7
105,0.23,-0.18,-0.19,-0.13
106,0.26,0.45,0.32,0.37
107,0.04,-0.26,-0.61,-0.38
108,-0.53,-0.01,-0.29,-0.22
109,0.21,0.19,-0.33,-0.05
110,-0.24,0,0.1,0.04
111,0.05,0.29,0.09,0.17
112,-0.14,0.36,-0.27,0.09
113,0.5,0.53,0.58,0.55
114,0.44,0.04,-0.16,-0.04
115,0.28,0.22,-0.62,-0.01
116,-0.12,-0.06,0.02,-0.05
117,-0.27,-0.59,-0.64,-0.5
118,0.34,0.16,-0.06,0.08
119,-0.04,0.35,0.44,0.34
120,-0.42,-0.64,-0.77,-0.64
121,-0.08,-1.11,-0.62,-0.62
122,0.34,0.85,0.43,0.59
123,0.81,0.3,0.31,0.33
124,-0.03,0.41,0.43,0.4
125,-0.81,-0.54,-0.61,-0.6
126,0.77,0.2,-0.48,-0.14
127,0.64,0.33,0.11,0.32
128,0.25,0.04,0.21,0.13
129,1.15,1.49,1.2,1.34
130,0.26,-0.45,-0.73,-0.44
131,0.66,0.41,0.25,0.39
132,1.1,0.79,0.71,0.8
133,-0.28,-0.43,-0.44,-0.42
134,0.03,-0.25,-0.19,-0.18
135,-0.43,0.2,-0.24,-0.06
136,-0.09,1.07,0.76,0.8
137,0.38,0.11,0.56,0.33
138,0.32,0.39,0.18,0.29
139,-0.11,0.82,0.76,0.68
140,0.58,0.33,0.38,0.39
141,0.02,-0.31,-0.21,-0.23
142,-0.06,0.14,-0.03,0.06
143,1.06,0.24,0.18,0.26
144,0.16,0.15,0.32,0.23
145,-0.52,-0.91,-0.94,-0.84
146,0.02,-0.12,-0.32,-0.19
147,0.43,0.15,0.09,0.17
148,0.22,0.32,0.2,0.27
149,0.66,0.46,0.49,0.49
150,0.83,0.18,0.55,0.39
151,-0.02,0.63,0.71,0.6
153,-0.04,0.09,-0.24,-0.04
154,0.72,0.37,0.27,0.41
157,-0.15,-0.15,-0.14,-0.14
158,0.78,0.74,0.66,0.72
159,0.19,-0.07,0.12,0.05
160,0.11,0.43,0.65,0.54
161,0.02,0.56,0.35,0.42
162,0.57,1.12,0.91,0.96
163,0.44,0.38,0.46,0.43
164,-0.44,0.16,0.77,0.46
165,0.07,0.07,0.28,0.15
166,0.03,-0.3,-0.07,-0.15
167,-0.22,-0.07,0.05,-0.08
168,-0.05,0.13,0.28,0.13
169,0.23,-0.39,0.04,-0.1
170,-0.12,-0.5,-1.06,-0.56
171,-0.26,0.35,0.6,0.37
172,-0.16,-0.17,0.72,0.22
173,0.01,0.34,0.22,0.24
174,0.29,0.23,0.29,0.26
175,0.54,0.15,0.28,0.27
176,0.4,0.39,0.57,0.49
177,-0.1,-0.22,-0.14,-0.17
178,-0.24,0.14,0.23,0.1
179,0.48,0.4,0,0.31
180,0.15,0.34,0.32,0.3
181,0.36,0.1,-0.26,0.01
182,0.28,0.21,0.34,0.27
183,1.29,1.28,0.94,1.13
184,0.72,0.86,0.74,0.79
185,-0.13,-0.43,-0.43,-0.39
186,-0.18,-0.28,-0.2,-0.24
187,0.66,0.21,-0.09,0.17
188,0.05,0.37,0.38,0.35
189,0.16,0.11,-0.01,0.09
190,0.63,1.08,1.01,0.99
191,-0.37,-0.75,-0.04,-0.42
192,0.04,0.23,-0.02,0.08
193,0.59,0.58,0.44,0.54
194,0.03,0.2,0.2,0.19
195,-0.43,0.41,0.5,0.38
196,0.93,1.03,0.67,0.83
197,0.82,1,0.78,0.9
198,0.8,0.93,0.78,0.84
199,0.03,-0.23,-0.11,-0.15
200,0.81,0.58,0.74,0.68
201,-0.39,-0.27,-0.23,-0.25
202,0.08,-0.59,-0.49,-0.47
203,0.43,0.14,-0.17,0.12
204,-0.31,-0.24,-0.41,-0.31
205,-0.14,-0.41,-0.44,-0.39
206,0.17,0.13,-0.04,0.06
207,-0.46,-0.06,0.11,-0.03
208,-0.26,0.07,-0.3,-0.14
209,0.42,0.23,-0.2,0.22
210,0.6,0.81,0.62,0.69
211,0.13,0.3,0.07,0.17
212,0.98,0.75,0.29,0.6
213,0.3,0.33,-0.11,0.24
214,-0.66,-0.54,-0.79,-0.63
215,0.45,-0.14,-0.78,-0.35
216,0.52,0.05,0.07,0.09
217,0.05,-0.12,-0.18,-0.12
218,-0.21,-0.18,-0.43,-0.26
219,-0.26,0.13,-0.04,0.02
220,0.36,0.28,-0.25,0.07
221,-0.16,0.19,-0.06,0.03
222,1.51,0.92,0.53,1.0
223,-0.53,-0.58,-0.57,-0.57
224,0.37,-0.76,-0.89,-0.61
225,0.24,-0.29,-0.38,-0.22
226,-0.06,-0.92,-1,-0.8
227,0.8,0.22,0.19,0.26
228,0.1,0.18,0.31,0.19
229,-0.02,-0.3,-0.95,-0.41
230,-0.05,-0.94,-1.19,-0.9
231,0,-0.69,-1.26,-0.68
232,0.59,0.31,-0.19,0.15
233,-0.85,-0.51,-0.86,-0.67
234,-0.09,0.14,-0.21,-0.02
235,0.66,0.42,0.19,0.39
236,0.13,-0.68,-1.03,-0.62
237,-0.19,0.41,0.05,0.24
238,0.06,-0.54,-0.37,-0.4
239,-0.56,-0.16,-0.23,-0.22
240,-0.36,-0.39,-0.54,-0.44
241,-0.4,-0.51,-0.67,-0.54
242,0.48,0.61,0.16,0.43
243,0.13,-0.36,-0.55,-0.3
244,-0.24,-0.35,-0.48,-0.42
245,1.22,0.17,-0.05,0.26
246,0.27,-0.11,-0.17,-0.02
247,0.18,0.18,0.34,0.27
248,-0.11,-0.14,-0.52,-0.27
249,-0.58,-0.71,-0.85,-0.73
250,-0.07,0,-0.22,-0.11
251,0.01,-0.29,-0.07,-0.16
252,0.25,0.23,0.46,0.35
253,1.05,0.93,0.64,0.8
254,0.11,0,0.18,0.11
255,-0.45,0.01,0.17,0.07
256,-0.93,-0.13,-0.31,-0.34
257,0.29,0.13,0.09,0.15
258,-0.8,-0.88,-0.75,-0.82
259,-0.46,-1.09,-0.83,-0.94
260,0.75,0.21,-0.1,0.16
261,0.29,0.55,0.29,0.41
262,0.56,0.82,0.71,0.75
263,-0.15,-0.21,-0.56,-0.31
264,0.54,0.36,0.49,0.45
265,0.58,1.15,0.8,0.93
266,0.16,0.19,0.34,0.23
267,0.53,0.96,0.77,0.84
268,0.65,0.93,1.08,0.93
269,0.45,0.19,0.5,0.35
270,0.2,0.06,0.25,0.15
271,0.24,0.4,0.17,0.3
272,0.11,0.3,0.15,0.21
273,-0.14,-0.13,-0.35,-0.21
274,-0.09,-0.29,-0.59,-0.3
275,-0.3,0.56,0.31,0.34
276,1.48,1.24,1.3,1.3
277,0.12,-0.34,-0.38,-0.27
278,0.31,0.41,0.41,0.4
279,0.93,1.09,1.21,1.1
280,0.05,-0.09,0.06,-0.01
281,1.18,1.01,0.65,0.87
282,0.28,0.77,0.05,0.47
283,1.62,0.24,0.82,0.6
284,-0.15,-0.14,-0.15,-0.15
285,0,-0.17,0.03,-0.07
286,-0.69,-0.72,-1.05,-0.82
287,-0.34,0,-0.7,-0.4
288,-0.08,0.42,0.39,0.35
289,-0.05,-0.25,-0.73,-0.37
290,-0.42,-0.35,-0.54,-0.42
291,-0.58,-0.36,-0.44,-0.44
292,0.36,0,0.32,0.2
293,0.36,0.34,-0.04,0.18
294,-0.6,-0.28,-0.26,-0.29
295,-0.73,-0.65,-0.68,-0.67
296,0.16,-0.09,-0.36,-0.11
297,0.03,0.13,-0.19,-0.03
298,0.33,0.37,0.18,0.27
299,0,0.61,0.69,0.6
300,-0.25,0.03,-0.1,-0.05
301,0.23,-0.04,0.07,0.04
302,0.2,0.44,0.59,0.47
303,0.4,-0.06,-0.05,0.01
304,1.03,0.9,0.19,0.7
305,0.99,0.52,0.23,0.51
306,0.23,0.31,0.44,0.36
307,0.54,-0.02,-0.11,0.03
308,0.59,1.08,1.15,1.04
309,-0.26,-0.08,-0.55,-0.23
310,0.57,0.84,0.46,0.67
311,0.01,-0.65,-0.98,-0.67
312,-0.01,-0.22,0.1,-0.05
313,0.66,0.85,0.53,0.69
314,1.22,0.59,0.5,0.68
315,0.31,0.5,0.68,0.55
316,0.48,0.94,0.74,0.81
317,0.27,0.65,0.58,0.57
318,0.9,0.06,0.36,0.3
319,0.1,0.68,0.54,0.58
320,1.7,1.23,1.05,1.15
321,0.58,0.6,0.44,0.52
322,1.24,0.97,0.35,0.66
323,0.88,0.57,0.83,0.72
324,0.45,-0.2,0.55,0.23
325,0.9,0.4,0.11,0.29
326,0.48,0.75,0.58,0.63
327,0.21,0.16,0.28,0.23
328,-0.59,-0.13,0.05,-0.08
329,0.99,0.65,0.51,0.69
330,0.71,0.64,0.34,0.54
331,0.03,-0.19,-0.04,-0.11
332,1.14,0.44,0.43,0.5
333,0.51,0.18,0.16,0.2
334,1.2,0.87,0.71,0.8
335,0.31,0.53,0.49,0.46
336,0.64,0.67,0.18,0.47
338,0.65,0.52,0.16,0.37
339,0.14,0.48,0.44,0.41
340,0.79,1.23,0.85,1.01
341,0.04,0.67,0.37,0.43
342,1.11,0.84,0.6,0.75
343,0.39,0.43,0.19,0.34
344,0.58,0.52,1.11,0.76
345,0.48,0.64,0.33,0.46
346,-0.28,0.5,0.21,0.29
347,0.08,0.65,0.79,0.67
348,0.49,-0.13,0.08,0.03
349,-0.84,-0.62,-0.34,-0.56
351,0.35,0.44,0.62,0.54
352,0.05,-0.04,0.01,0.0
355,0.25,0.88,0.77,0.76
356,-0.39,0.14,0.31,0.19
357,0.31,-0.5,-0.25,-0.29
358,0.7,0.25,0.17,0.27
359,0.24,-0.26,0.17,-0.01
360,0.8,0.52,0.4,0.5
361,-0.55,-0.49,-0.81,-0.61
362,0.06,-0.16,-0.11,-0.12
363,0.07,0.15,-0.18,-0.03
364,0.16,0.23,0.26,0.24
365,1.34,1.13,0.47,0.78
366,0.06,-0.21,-0.12,-0.12
367,0.59,-0.37,-0.89,-0.32
368,0.07,0.11,0.09,0.1
369,1.28,1.17,1,1.13
370,0.71,0.58,0.44,0.6
371,0.13,-0.12,-0.22,-0.13
372,0.39,0.29,0.75,0.51
373,0.18,0.26,0.22,0.23
374,0.4,0.71,0.6,0.63
375,0.33,0.1,0.17,0.17
376,0.95,0.29,-0.23,0.39
377,0.46,-0.08,0.13,0.07
378,0.18,0,-0.2,-0.07
379,0.3,0.24,-0.33,-0.02
380,1.02,0.68,0.28,0.53
381,-0.64,-1.04,-1,-0.98
382,0.44,-0.99,-1.22,-0.91
383,0.55,0.85,0.66,0.74
384,-0.06,-0.19,-0.56,-0.3
385,1.42,0.99,0.34,0.84
386,0.25,0.05,0.03,0.09
387,0.06,0.4,-0.15,0.17
388,0.23,0.08,-0.51,-0.05
389,-0.03,-0.26,-0.64,-0.31
390,0.24,0.16,0.89,0.35
392,0.9,1.02,0.77,0.9
393,-0.01,-0.15,-0.31,-0.24
394,0.07,-0.02,0.13,0.07
395,-0.22,0.13,-0.29,-0.08
396,0.2,0.37,-0.01,0.26
397,-0.21,-0.21,0.07,-0.14
398,-0.3,-0.14,0,-0.1
399,-1.16,-0.89,-0.83,-0.92
400,0.43,-0.06,-0.08,0.02
401,-0.33,0.01,-0.02,-0.09
402,-0.19,-0.02,-0.32,-0.16
403,-1.36,-1.18,-1.46,-1.3
404,-0.72,-0.9,-0.76,-0.81
405,0.31,0.23,0.53,0.33
406,-0.5,-0.56,-0.99,-0.71
407,-0.1,0.18,-0.51,-0.08
408,-0.14,-0.11,-0.74,-0.33
409,-0.46,0.23,0.03,0.07
410,-0.75,-0.39,-0.5,-0.52
411,0.19,0.65,0.64,0.6
412,1.09,0.93,0.47,0.76
413,-0.25,-0.38,-0.26,-0.32
414,0.18,-0.18,-0.03,-0.04
415,-0.89,-1.51,-1.25,-1.25
416,-0.26,0.22,0.32,0.23
417,0.78,0.18,0.41,0.44
418,-0.04,-0.3,-0.32,-0.28
419,0.33,0.25,0.43,0.31
420,0.72,0.31,0.28,0.37
421,-0.31,-0.33,-0.54,-0.42
422,0.19,-0.26,-0.34,-0.27
423,-0.42,-0.1,-0.12,-0.14
424,0.17,0.37,-0.07,0.17
425,-0.18,0.04,-0.27,-0.12
426,0.09,-0.13,-0.61,-0.28
427,-0.02,0.06,-0.23,-0.1
428,-1.09,-1.24,-0.59,-0.99
429,-0.59,-0.29,-0.3,-0.32
430,-0.56,-0.3,-0.47,-0.41
431,0.53,-0.6,-0.39,-0.4
432,0.72,0.46,0.18,0.34
433,0.17,0.38,-0.04,0.14
434,-0.99,-1.17,-1.1,-1.12
435,-0.39,-0.45,-0.58,-0.48
436,0.32,-0.33,-0.18,-0.19
437,0.88,0.6,0.66,0.66
438,0.54,0.28,0.29,0.3
439,0.65,0.47,0.32,0.41
440,0.14,-0.16,-0.32,-0.22
441,-0.21,-0.22,-0.1,-0.18
442,0.58,0.05,0.04,0.19
443,-0.17,-0.31,-0.44,-0.35
444,-1.1,-0.56,-0.01,-0.37
445,-0.13,-0.31,-0.84,-0.47
446,-0.14,-0.26,-0.43,-0.31
447,-0.49,-0.08,-0.54,-0.3
448,0.73,0.69,0.64,0.68
450,0.2,0.28,0.03,0.17
451,0.16,0.18,0.14,0.16
453,-0.19,-0.04,-0.01,-0.06
454,-0.33,-0.06,-0.25,-0.18
455,-0.23,-0.55,0.17,-0.26
456,-0.38,0.06,-0.27,-0.15
457,-0.73,-0.89,-0.45,-0.68
458,-0.08,-0.24,-0.28,-0.23
459,0.04,-0.32,-0.42,-0.31
460,-0.18,0.02,0.22,0.05
461,0.24,0.36,0.51,0.38
462,0.52,-0.05,-0.97,-0.14
463,-0.51,0.13,-0.32,-0.16
464,-0.29,-0.33,-0.66,-0.4
465,0.48,0.18,0.04,0.17
466,0.69,0.38,0.18,0.31
467,-0.01,0.24,0.37,0.26
468,-0.15,-0.74,-1.42,-0.75
469,-0.67,-0.56,-0.89,-0.71
470,-0.26,0.14,0.01,0.03
471,-0.29,-0.13,-0.47,-0.26
472,0.1,-0.1,-0.08,-0.06
473,0.33,0.53,0.17,0.36
474,0.24,-0.09,-0.42,-0.21
475,-0.99,-1.16,-1.41,-1.22
476,-0.17,-0.11,-0.43,-0.24
477,-0.61,-1.04,-1.14,-1.02
478,-0.38,-0.71,-1.04,-0.63
479,-0.4,-0.56,-0.94,-0.55
480,0.35,-0.12,0.04,0.0
481,0.79,0.24,0.06,0.18
482,0.75,0.23,0.1,0.26
483,0.27,0.1,0.12,0.12
484,-0.56,-0.33,-0.62,-0.45
485,0.38,0.52,0.32,0.42
486,0.06,-0.06,-0.14,-0.09
487,0.62,0.62,0.44,0.53
488,0.56,0.47,0.75,0.54
489,0.19,-0.1,-0.15,-0.08
492,0.35,0.82,0.69,0.7
493,-0.35,-0.1,-0.06,-0.13
494,0.26,0.63,0.39,0.49
495,-0.6,-0.31,-0.12,-0.25
496,0.35,0.19,0.18,0.2
497,-0.05,-0.07,-0.04,-0.06
498,0.19,0.09,-0.02,0.06
499,-0.58,-0.66,-0.24,-0.5
500,-0.65,-0.14,-0.89,-0.46
501,-0.39,0.28,0.42,0.32
502,0.32,0.34,-0.22,0.16
503,0.29,0.01,0.04,0.07
504,0.17,0.18,0.38,0.26
505,-0.86,-0.39,-0.6,-0.54
506,0.67,0.58,0.53,0.56
507,-0.49,-0.29,-0.64,-0.46
508,0.01,0.04,-0.02,0.02
509,0.25,0.21,0.37,0.29
510,-0.6,-0.05,-0.17,-0.16
511,0.58,0.23,0.2,0.23
512,-0.44,0.13,0.17,0.08
513,-0.23,-0.44,-0.19,-0.3
514,0.05,-0.21,-0.38,-0.24
515,-0.16,0.22,0.39,0.24
516,-0.37,-0.16,-0.17,-0.19
517,-0.36,0.17,0.2,0.12
518,-0.23,0.18,0.14,0.13
519,-0.31,0.12,0.1,0.08
520,-0.29,-0.1,-0.49,-0.28
521,-0.21,0.26,0.06,0.06
522,-0.7,-0.62,-0.56,-0.62
523,0.7,0.52,0.03,0.4
525,0.39,-0.5,-0.5,-0.38
526,-0.05,-0.31,-0.47,-0.32
527,-0.21,0.7,0.07,0.36
528,0.02,0.01,-0.65,-0.15
529,0.23,0.41,0.24,0.32
530,0.24,0.6,0.17,0.4
531,-0.28,-0.75,-1.05,-0.75
532,0.74,-0.04,-0.24,-0.06
533,-0.24,0.14,-0.1,0.0
534,0.54,0.41,0.36,0.44
535,-0.29,0.08,-0.13,-0.06
536,0.27,0.29,-0.22,0.15
537,0.5,0.39,0.17,0.31
538,-0.63,0.06,-0.28,-0.18
539,0.43,0.28,0.38,0.33
540,-0.36,-0.33,-0.33,-0.34
541,0.08,0.39,0.18,0.25
542,-0.12,-0.68,-0.88,-0.67
543,0.37,0.08,0.2,0.16
544,-0.88,-0.29,-0.24,-0.36
545,0.79,0.51,-0.05,0.24
547,-0.3,-0.5,-0.38,-0.43
548,0.94,0.47,0.5,0.59
549,0.23,-0.05,0.44,0.14
550,-0.49,-0.85,-1.05,-0.81
551,2.21,1.46,0.62,1.36
552,0.3,0.03,-0.4,-0.03
553,-0.5,-0.21,0.12,-0.14
554,0.26,0.13,0.25,0.19
555,-0.37,-0.06,-0.26,-0.19
556,-0.07,-0.34,-0.82,-0.39
557,-0.34,-0.17,-1.02,-0.44
558,-0.47,-0.64,-0.94,-0.76
559,0.33,0.37,0.31,0.33
560,-0.07,-0.24,-0.25,-0.2
561,-0.21,-0.65,-0.62,-0.53
562,-0.12,0.54,-0.08,0.22
563,0.77,0.15,0.4,0.33
564,0.24,0.47,0.21,0.33
565,0.44,0.1,-0.08,0.12
566,-0.35,-0.34,-0.4,-0.36
567,-0.54,-0.5,-0.99,-0.65
568,-0.29,0.12,-0.04,0.01
569,-0.02,-0.06,0.05,-0.02
570,-0.56,-0.18,-0.11,-0.22
571,-0.51,-0.37,-0.51,-0.43
572,-0.21,0.13,0.35,0.19
573,0.31,0.19,0.1,0.16
574,-0.3,-0.26,-0.3,-0.28
575,-0.61,-0.41,-0.72,-0.53
576,0.1,0.12,-0.22,-0.02
577,-0.28,-0.41,-0.37,-0.38
578,0.26,0.16,-0.04,0.1
579,-0.61,-0.35,-0.42,-0.43
580,0.26,-0.22,0.17,0.01
581,-0.33,-0.53,-1.07,-0.64
582,-0.1,-0.23,-0.37,-0.26
583,-0.22,-0.2,-0.39,-0.26
584,-0.62,-0.38,-0.43,-0.44
585,0.27,0.27,-0.05,0.18
586,0.12,-0.13,-0.43,-0.14
587,0.15,0.03,-0.56,-0.12
588,-0.02,-0.69,-0.49,-0.54
589,0.94,-0.02,-0.27,-0.06
590,0.5,0.22,-0.14,0.18
591,0.13,-0.17,-0.36,-0.19
592,-0.19,-0.23,-0.21,-0.22
593,-0.48,-0.61,-1.14,-0.86
594,-0.19,-0.13,-0.53,-0.27
595,-0.23,-0.83,-1.34,-1.0
596,-0.25,0.05,-0.04,-0.02
597,0.92,0.77,0.39,0.53
598,-0.15,-0.04,-0.05,-0.05
599,0.65,0.43,0.14,0.28
600,-0.05,-0.29,-0.45,-0.35
601,-0.11,-0.08,-0.05,-0.07
602,0.42,-0.14,-0.78,-0.24
603,0.18,0.31,0.03,0.15
604,0.01,-0.37,0.09,-0.17
605,0.21,0.16,0.02,0.12
606,-0.04,-0.86,-0.85,-0.8
607,-0.2,-0.81,-1.21,-0.76
608,-0.52,-0.59,-0.72,-0.62
609,-0.1,-0.35,-0.5,-0.32
610,-0.43,-0.59,-0.57,-0.54
611,-0.46,-0.37,-0.47,-0.42
612,0.21,0.01,-0.6,-0.18
613,-0.06,0.34,0.71,0.23
614,0.71,0.52,0.37,0.49
615,0.8,0.47,-0.06,0.2
616,-0.11,0.09,-0.4,-0.11
617,-0.37,-0.06,-0.52,-0.28
618,-0.76,-0.77,-0.92,-0.8
619,-0.04,-0.58,-0.84,-0.53
620,-1.07,-1.1,-1.34,-1.17
621,0.19,-0.46,-0.81,-0.55
622,-0.74,-0.83,-0.99,-0.84
623,0.18,-0.08,-0.06,-0.04
624,-0.07,-0.78,-0.93,-0.68
625,-0.19,-0.18,-0.48,-0.32
626,-0.39,-0.05,-0.47,-0.24
627,-0.9,-0.46,-0.71,-0.62
628,-0.54,-0.72,-0.88,-0.75
629,-0.16,-0.38,-0.57,-0.44
630,-0.35,-0.51,-0.53,-0.49
631,0.75,0.71,0.3,0.49
632,-1.38,-0.87,-0.99,-0.98
633,-0.24,0.11,-0.17,-0.06
634,-0.12,-0.25,-0.26,-0.24
635,-0.2,-0.31,-0.35,-0.31
636,0.3,-0.1,-0.66,-0.28
637,0.35,0.19,0.21,0.22
638,0.51,0,-0.41,-0.11
639,-1.3,-0.76,-1.21,-0.98
640,-1.15,-0.7,-0.7,-0.75
641,0.14,-0.23,-0.46,-0.36
642,0.32,-0.08,-0.71,-0.2
643,-0.11,-1.02,-0.44,-0.76
644,0.41,-0.06,-0.12,-0.09
645,-0.08,-0.17,-0.62,-0.33
646,0.56,-0.08,-0.61,-0.3
647,-0.01,0.05,-0.02,0.01
648,-0.09,-0.54,-0.78,-0.6
649,-1.15,-0.99,-0.85,-0.93
650,-0.68,-0.78,-0.48,-0.66
651,-0.3,-0.19,0.05,-0.13
652,-0.07,-0.28,-0.26,-0.25
653,-0.49,-0.37,-1.39,-0.58
654,0.09,-0.6,-0.48,-0.44
655,-0.01,-0.92,-0.9,-0.65
656,0.41,0.3,0.08,0.25
657,0.13,0.46,0.46,0.42
658,-0.42,-0.39,-0.41,-0.4
659,-0.41,-0.09,-0.05,-0.11
660,-0.99,0.3,0.14,0.14
661,-0.24,-0.16,-0.6,-0.3
662,-0.28,-0.73,-1.07,-0.81
663,0,0.23,0.14,0.16
664,-0.12,-0.24,-0.07,-0.16
665,-0.31,0.46,0,0.2
666,-0.19,0.31,0.12,0.21
667,-0.14,0.48,0.45,0.4
668,-0.48,0.03,-0.2,-0.14
669,-0.27,0.27,0.14,0.15
670,-0.41,-0.17,-0.16,-0.19
671,0.06,0.11,-0.33,-0.1
672,-0.14,-0.01,-0.2,-0.09
674,-0.39,-0.36,-0.72,-0.48
676,0.09,-0.01,-0.02,0.01
677,0.1,0.48,0.41,0.41
678,0.04,0.42,0.2,0.27
679,0.18,-0.59,-1.02,-0.66
680,0.01,-0.38,-0.46,-0.35
681,-0.28,-0.11,-0.44,-0.25
682,-0.94,-0.89,-1.64,-1.19
683,-0.28,-0.64,-0.68,-0.56
684,-0.18,-0.49,-0.44,-0.41
685,0.1,-0.06,0,-0.01
686,0.28,0.22,0.04,0.22
687,0.15,0.17,0.23,0.2
688,-0.13,-0.2,-0.44,-0.27
689,-0.81,-0.89,-0.35,-0.72
690,1.08,0.91,0.53,0.83
691,-0.13,0.17,-0.24,-0.02
692,0.57,0.26,0.14,0.28
693,0.56,0.21,0.23,0.25
694,0.08,0.28,0.05,0.19
695,0.33,-0.45,-0.66,-0.44
696,-0.21,-0.29,-0.59,-0.4
697,-0.11,-0.11,-0.37,-0.23
698,-0.43,-0.28,-0.52,-0.36
699,-0.27,-0.76,-0.65,-0.64
700,-0.49,-0.32,0.07,-0.17
701,-0.4,-0.4,-0.91,-0.59
702,-0.13,0.01,0.36,0.09
703,-0.25,-0.12,-0.33,-0.21
704,0.3,0.16,0.18,0.19
705,-0.59,-0.45,-0.91,-0.68
706,-0.04,-0.05,-0.27,-0.16
707,-0.13,-0.26,-0.46,-0.29
708,-0.64,-0.45,-0.73,-0.57
709,1.24,0.71,0.31,0.6
710,-0.07,0.03,-0.21,-0.08
711,0.32,0.63,0.22,0.4
712,-0.02,-0.36,-0.64,-0.38
713,-0.62,-0.44,-0.81,-0.6
714,0.79,0.79,0.36,0.59
715,0.3,0.86,0.5,0.68
716,0.08,-0.16,-0.38,-0.21
717,-0.66,-0.35,-0.69,-0.52
718,0.29,0.15,-0.13,0.07
719,-0.38,-0.06,-0.08,-0.13
720,-0.16,0.16,0.04,0.06
721,-0.6,-0.38,-0.65,-0.53
722,-0.04,0.27,0.35,0.25
723,-0.4,-0.42,-0.58,-0.48
724,0.31,0.63,0.37,0.5
725,0.05,-0.03,-0.56,-0.15
726,0.65,0.42,0.12,0.36
727,-0.13,0.16,-0.16,0.01
728,-0.09,-0.13,0.01,-0.09
729,0.4,-0.21,-0.49,-0.12
730,-0.35,-0.19,-0.62,-0.33
731,-0.24,-0.23,-0.39,-0.28
732,0,-0.3,-1.07,-0.43
733,0.02,0.12,-0.25,0.01
734,-0.17,-0.68,-0.7,-0.62
735,-0.3,-0.25,-0.61,-0.32
736,-0.61,-0.53,-1.21,-0.63
737,-0.62,-0.71,-1.18,-0.76
738,-0.59,-0.44,-1.26,-0.65
739,0.08,-0.13,-0.62,-0.26
740,-0.51,0.06,-0.12,-0.07
741,0.04,0.23,0.77,0.55
742,0.48,0.6,0.54,0.56
743,0.33,0.35,0.23,0.28
744,-0.2,-0.53,-0.61,-0.48
745,0.26,0.1,0.17,0.15
746,-0.21,-0.41,-0.82,-0.58
747,0.04,-0.36,0.04,-0.14
748,0.56,0.75,0.84,0.77
749,0.15,0.79,0.58,0.65
750,-0.02,-0.28,0.22,-0.04
751,-0.1,-0.31,-0.21,-0.23
752,-0.02,0.49,0.15,0.3
753,-0.11,-0.14,-0.29,-0.17
754,-0.65,-0.38,-0.35,-0.42
755,0.01,-0.02,0.08,0.01
756,-0.15,-0.81,-0.96,-0.77
757,0.23,0.21,0.48,0.35
758,-0.06,0.51,0.33,0.39
759,-0.4,-0.17,-0.36,-0.3
760,-0.32,-0.02,0.26,0.05
761,0.41,0.05,-0.31,-0.08
762,-0.17,0.03,-0.27,-0.14
763,0.44,0.08,0.31,0.23
764,-0.41,0.11,-0.1,-0.03
765,0.04,-0.39,-0.42,-0.32
766,0.77,0,-0.01,0.04
767,-0.05,0.08,-0.07,0.0
768,0.61,0.6,0.47,0.54
769,0.28,0.13,0.42,0.23
770,-0.36,-0.81,-0.55,-0.68
771,-0.27,0.05,-0.05,-0.03
772,0.37,0.26,0.42,0.33
773,0.12,0.24,0.21,0.21
774,-0.08,0,-0.21,-0.12
775,0.79,0.04,0.08,0.1
776,0.33,0.2,0.27,0.24
777,0.34,0.47,-0.07,0.15
778,-0.41,-0.59,-0.38,-0.49
779,-0.11,-0.12,-0.21,-0.14
780,-0.31,0,0.4,0.12
781,-0.21,-0.38,-0.36,-0.35
782,-0.73,-0.99,-1,-0.93
783,0.43,-0.3,-0.66,-0.32
784,-0.23,-0.71,-0.64,-0.63
785,-0.67,-0.23,-0.47,-0.38
786,-0.14,-0.43,-0.16,-0.27
787,-0.31,-0.35,-0.73,-0.55
788,0.04,0.49,0.45,0.45
789,0.05,-0.23,-0.23,-0.21
790,-0.47,-0.06,0.04,-0.03
791,0.27,-0.01,-0.04,0.01
792,0.11,0.51,0.43,0.43
793,0.38,-0.12,0.1,0.03
794,-0.47,-0.99,-1.27,-1.02
795,0.23,-0.21,-0.19,-0.17
796,-0.68,-0.41,-0.09,-0.25
797,-0.2,-0.5,-0.48,-0.46
798,-0.45,-0.48,0.71,-0.27
799,-0.13,-0.41,-0.75,-0.46
800,0.07,0.48,-0.02,0.27
801,0.01,0.15,-0.2,0.02
802,1,-0.29,-0.67,-0.23
803,0.08,0.26,0.07,0.18
804,0.09,-0.18,-0.01,-0.09
805,0.25,0.19,0.28,0.24
806,0.31,0.33,0.13,0.21
807,0.49,0.16,0.15,0.17
808,-0.21,0.2,-0.17,0.02
809,-0.15,-0.7,-0.99,-0.69
810,-0.06,-0.42,-0.48,-0.39
811,-0.44,-0.24,-0.74,-0.48
812,0.42,0.2,-0.12,0.07
813,0.32,0.37,0.52,0.4
814,-0.09,-0.17,-0.37,-0.26
815,-0.3,-0.28,-0.37,-0.32
816,-0.14,-0.14,0,-0.07
817,-0.28,-0.13,-0.54,-0.31
818,-0.35,-0.63,-1.29,-0.71
819,-0.38,0.16,-0.3,-0.15
820,0.21,0.05,-0.18,-0.05
821,-0.31,-0.13,-0.3,-0.22
822,0.12,-0.53,-0.62,-0.38
823,0.78,1.16,0.65,0.94
824,0.52,0.06,0.23,0.18
825,0.22,0.58,0.58,0.52
826,-0.36,0.07,0.01,-0.05
827,0.57,0.17,0.23,0.24
828,-0.09,-0.09,0.11,0.0
829,-0.24,-0.26,0.18,-0.09
830,0.17,-0.21,-0.57,-0.29
831,-0.86,-1.17,-1.08,-1.1
832,-0.55,-0.32,-0.91,-0.53
833,-0.21,0.13,0.23,0.12
834,0.52,0.02,0.08,0.13
835,0.17,0.1,0.53,0.31
836,-0.15,-0.91,-0.56,-0.65
837,0.03,-0.66,-1.22,-0.72
838,0.3,0.42,-0.11,0.24
839,0.54,0.57,0.23,0.46
840,-0.43,-0.72,-0.63,-0.67
841,0.09,-0.3,-0.21,-0.24
842,-0.05,-0.17,-0.58,-0.31
843,-0.15,-0.21,-0.59,-0.32
844,0.64,0.57,0.48,0.52
845,0.17,-0.01,-0.07,-0.04
846,-0.13,0.01,0.08,0.02
847,0.52,0.27,0.15,0.29
848,-0.57,-0.62,-0.78,-0.66
849,-0.25,0.31,0.79,0.29
850,0.23,0.08,-0.07,0.04
851,0.18,0.13,-0.18,0.0
852,-0.13,-0.6,-0.51,-0.51
853,-0.29,-0.73,-0.6,-0.61
854,0.29,0.39,0.26,0.31
855,-0.12,-0.04,0.12,0.01
856,0.25,0.48,0.33,0.39
857,-0.14,-0.13,-0.61,-0.25
858,0.56,-0.28,-0.83,-0.34
859,-0.25,-1.4,-0.96,-1.06
860,-0.84,-0.89,-1.26,-1.0
861,1.12,1.26,1.25,1.24
862,-0.97,-0.69,-0.94,-0.83
863,-0.07,-0.27,-0.5,-0.35
864,0.18,-0.29,-0.76,-0.33
865,-0.31,-1.19,-1.08,-1.03
866,0.37,0.28,0.25,0.27
867,0.07,-0.11,0.6,0.16
868,-0.34,-0.5,-0.85,-0.64
869,-0.35,-0.17,-0.37,-0.26
870,0.73,0.19,0.26,0.28
871,0.18,0.37,0.3,0.32
872,0.33,-0.5,-0.78,-0.58
873,-0.23,0.11,0.11,0.06
874,0.27,-0.53,-0.36,-0.38
875,0.37,0.7,0.43,0.54
876,-0.17,-0.3,-0.2,-0.24
877,0.03,0.16,-0.22,0.04
878,0.72,-0.71,-1.29,-0.74
879,-0.43,-0.18,0,-0.12
880,0.54,0.14,-0.16,0.11
881,0.67,0.35,0.14,0.26
882,0.44,0.25,-0.2,0.06
883,0.28,0.35,0.17,0.28
884,0.45,0.34,0.11,0.27
885,-0.15,-0.94,-1.56,-1.01
886,-0.35,-0.45,-0.59,-0.5
887,-0.52,-0.62,-0.49,-0.56
888,-0.33,-0.58,-1.26,-0.71
889,0.39,0.77,0.41,0.57
890,-0.23,-0.09,-0.15,-0.13
891,-0.17,-0.59,-0.9,-0.68
892,-0.34,-0.14,-0.46,-0.34
893,0.39,0.37,0.14,0.23
894,-0.6,-0.18,-0.42,-0.32
895,-0.3,-0.13,-0.62,-0.37
896,-0.61,-0.47,-0.92,-0.7
897,-0.26,-0.35,-0.29,-0.31
898,-0.04,-0.02,0.03,0.0
899,0.01,0.31,0.32,0.28
900,-0.03,-0.23,-0.2,-0.19
901,0.33,0.53,0.2,0.39
902,-0.4,-0.03,0,-0.04
903,-0.17,-0.24,-0.31,-0.26
904,-0.12,0.37,-0.34,0.07
905,-0.22,-0.14,-0.24,-0.19
906,0.26,0.07,-0.66,0.04
907,0.42,0.27,-0.16,0.16
908,0.33,-0.3,0.01,-0.11
909,0.05,-0.16,-0.4,-0.22
910,-0.3,-0.24,0.08,-0.13
911,0.17,-0.61,-0.73,-0.58
912,-0.2,-0.35,-0.23,-0.29
913,-0.9,-0.23,-0.6,-0.48
914,-0.28,-0.38,-0.15,-0.28
915,0.34,0.07,0.31,0.21
916,-0.51,0.25,0.05,0.12
917,-0.03,-0.24,-0.11,-0.15
918,0.08,-0.24,-0.5,-0.25
919,0.29,0.36,0.04,0.23
920,0.37,-0.2,-0.02,-0.04
921,0.04,0.08,0.42,0.22
922,-0.39,0.11,-0.13,-0.06
923,0.08,0.36,0.21,0.26
924,0.08,-0.08,0.18,0.02
925,0.08,0.21,-0.09,0.09
926,-0.18,0.05,0.09,0.06
927,0.65,0.14,-0.1,0.03
928,0.67,0.87,0.41,0.61
929,-0.51,-0.5,-0.71,-0.56
930,0.45,0.01,0.08,0.08
931,-0.04,0.23,0.49,0.35
932,-0.36,-0.02,-0.04,-0.07
933,-0.36,-0.81,-1.57,-0.84
934,0.02,-0.25,-0.45,-0.2
935,0.01,-0.45,-0.6,-0.47
936,0.17,0.16,-0.18,0.05
937,-0.16,0,-0.38,-0.15
938,-0.5,-0.82,-1.12,-0.78
939,-0.33,-0.21,-0.63,-0.34
940,-0.26,-0.21,-0.36,-0.26
941,0.16,0.17,0.11,0.15
942,0.25,0.27,-0.15,0.16
943,0.1,0.3,0.16,0.22
944,-0.3,-0.02,0.11,-0.01
945,0.09,-0.28,-0.39,-0.24
946,0.13,0.48,0.2,0.32
947,-0.17,-0.02,-0.03,-0.07
948,-0.85,-0.97,-0.74,-0.89
949,-0.16,-0.08,-0.04,-0.09
950,0.09,0.47,0.38,0.39
951,-0.98,-0.66,-0.71,-0.71
952,0.19,0.64,0.69,0.63
953,0.15,-0.16,-0.04,-0.07
954,0.11,0.46,-0.02,0.26
955,-0.28,-0.42,-0.13,-0.29
956,-0.4,0.09,0.37,0.05
957,0.44,0.6,0.33,0.45
958,-0.49,-0.2,-0.07,-0.17
959,0.52,0.02,-0.05,0.04
960,-0.02,0.07,0.02,0.03
961,-0.91,-0.67,-0.32,-0.61
962,-0.3,-0.95,-1.1,-0.93
963,-0.54,-0.07,-0.25,-0.21
964,0.48,0.69,0.67,0.66
965,0.2,0.16,0.04,0.11
966,-0.14,0.26,0.2,0.18
967,0.1,0.06,0.49,0.26
968,0.33,0.58,0.49,0.51
969,0.34,0.18,0.1,0.15
970,-0.13,0.21,0.18,0.17
971,-0.34,-0.31,0.12,-0.07
972,0.04,0.52,0.44,0.43
973,-0.25,-0.38,-0.24,-0.31
974,0.03,-0.19,-0.58,-0.29
975,0.46,0.35,0.56,0.48
976,-0.21,0.12,-0.13,-0.01
977,0.05,0,-0.11,-0.03
978,-0.09,-0.33,-0.23,-0.27
979,0.31,0.47,0.4,0.42
980,0.12,0.1,0.08,0.09
981,0.08,0.32,0.58,0.37
982,0.14,0.08,0.22,0.15
983,0.13,0.14,-0.13,0.03
984,0.17,0.25,0.12,0.19
985,-0.17,-0.61,-0.38,-0.45
986,0.19,0.41,0.52,0.41
987,0.63,0.42,-0.31,0.23
988,0.19,0.66,0.39,0.46
989,0.1,-0.12,-0.15,-0.1
990,0.77,0.48,0.87,0.68
991,-0.6,-0.37,-0.29,-0.39
992,-1.04,-0.5,-0.5,-0.56
993,0.05,0.27,0.12,0.17
994,0.45,0.34,0.26,0.32
1037,-0.31,-0.16,0.16,-0.13
1038,-0.01,0.06,-0.3,-0.05
1039,0.61,0.57,0.21,0.49
1040,-0.3,-0.19,0.11,-0.08
1041,-0.04,-0.39,-0.71,-0.36
1042,-0.19,-0.16,-0.23,-0.19
1043,-0.51,-0.71,-0.92,-0.73
1044,-0.04,-0.2,-0.11,-0.14
1045,-0.17,0.1,-0.72,-0.23
1046,-0.39,-0.51,-0.86,-0.56
1047,0.11,-0.15,-0.45,-0.15
1048,-0.5,-0.64,-1.35,-0.9
1049,0.33,0.16,0.09,0.16
1050,0.95,0.38,0.4,0.55
1051,-0.36,0.04,-0.3,-0.15
1052,0.43,0.32,0.75,0.55
1053,0.33,0.64,0.71,0.64
1054,-0.37,-0.63,-0.45,-0.52
1055,-0.67,-0.05,-1.41,-0.58
1056,0.21,0.38,0.17,0.26
1057,0.14,-0.06,-0.06,-0.04
1058,0.23,-0.17,-0.12,-0.1
1059,-0.94,-0.24,-0.07,-0.27
1060,-0.1,-0.13,-0.24,-0.19
1061,-0.26,-0.4,-0.21,-0.31
1062,0.45,0.59,0,0.39
1063,-0.25,0.05,-0.05,-0.04
1064,0.22,0.31,0.4,0.35
1065,0.16,0.1,0.38,0.22
1066,-0.26,-0.2,0.03,-0.19
1067,1.21,1.21,0.77,1.04
1068,-0.16,0.36,-0.3,0.07
1069,1.78,1.63,1.4,1.55
1070,-0.86,-0.76,-0.52,-0.75
1072,0.25,0.14,-0.17,0.12
1073,0,0.1,0.13,0.1
1074,0.3,0.34,0.72,0.42
1075,-0.01,-0.41,-0.47,-0.33
1076,-0.4,-0.61,-0.44,-0.52
1077,0,-0.22,-0.34,-0.21
1078,-0.58,-0.86,-1.03,-0.9
1079,-0.68,-0.42,-0.49,-0.49
1080,0.39,0.7,0.68,0.61
1081,-1.05,-0.55,-0.78,-0.71
1082,-0.01,0.25,0.37,0.28
1083,-0.07,-0.12,-0.47,-0.22
1084,0.58,0.41,0.32,0.45
1085,-0.68,-0.35,-0.52,-0.47
1086,0.26,-0.21,0.02,-0.08
1087,0.14,0.28,0.59,0.44
1088,0.01,0.86,0.63,0.7
1089,0.66,0.1,0.01,0.16
1090,0.73,0.69,0.37,0.59
1091,0.7,0.9,0.63,0.77
1092,-0.16,-0.61,-0.64,-0.52
1093,0.13,-0.26,-0.4,-0.23
1094,-0.02,-0.29,-0.64,-0.3
1095,0.04,-0.28,-0.89,-0.36
1096,-0.77,-0.42,-0.17,-0.33
1097,-0.42,-0.56,-1.16,-0.71
1098,-0.03,0.09,0.09,0.05
1099,-0.52,-0.31,-0.6,-0.44
1100,0.06,0.6,0.17,0.34
1101,-0.08,-0.27,-0.52,-0.39
1102,0.03,0.29,0.56,0.38
1103,0.04,0.1,0.12,0.11
1104,0.7,0.72,0.66,0.7
1105,0.13,0.33,0.52,0.39
1106,-0.01,0.07,-0.03,0.03
1107,-0.28,-0.45,-0.53,-0.43
1108,-0.45,-0.3,-0.52,-0.4
1109,0.14,-0.14,-0.52,-0.19
1110,0.16,-0.38,-0.54,-0.38
1111,-0.59,-0.13,-0.17,-0.28
1112,-0.29,0.09,-0.35,-0.11
1113,0.14,0.42,0.51,0.42
1114,0.3,0.09,-0.5,-0.02
1115,0.42,0.32,0.12,0.26
1116,1.13,0.67,0.58,0.68
1117,-0.13,-0.1,-0.2,-0.14
1118,-0.33,0.07,0.55,0.06
1119,0.33,0.07,0.15,0.13
1120,0.55,0.45,0.13,0.37
1121,-0.53,-0.78,-0.55,-0.65
1122,0.26,0.25,0.47,0.35
1123,-0.4,-0.09,-0.2,-0.23
1124,-0.7,-1.05,-1.11,-0.97
1125,0.6,0.57,0.48,0.53
1126,0.32,-0.02,-0.16,-0.05
1127,0.41,0.24,0.14,0.22
1128,-0.57,-0.51,-0.08,-0.36
1129,0.23,-0.13,-0.09,-0.08
1130,-0.41,-0.18,-0.11,-0.17
1131,-0.43,0.26,-0.36,-0.04
1132,-0.25,-0.06,-0.16,-0.12
1133,0.23,0.38,0.46,0.4
1134,-0.04,-0.04,-0.12,-0.07
1135,0.26,0.26,-0.02,0.12
1136,-0.03,0.05,0.18,0.12
1137,0.16,0.47,0.41,0.42
1138,0.14,0.41,0.14,0.26
1139,-0.11,0.06,0.06,0.03
1140,0.2,-0.08,-0.27,-0.1
1141,-0.12,-0.24,-0.48,-0.26
1142,-0.96,-0.79,-0.45,-0.75
1143,0.46,-0.35,-0.56,-0.25
1144,0.29,0.62,0.58,0.54
1145,0.09,0.31,0.16,0.21
1146,0.26,-0.14,-0.29,-0.19
1147,-0.32,-0.09,-0.3,-0.19
1148,-0.62,-0.58,-0.41,-0.52
1149,-0.11,-0.16,-0.44,-0.29
1150,-0.26,0.1,-0.05,-0.01
1151,0.46,0.57,0.52,0.54
1152,-0.17,-0.41,-0.78,-0.52
1153,0.93,0.77,0.42,0.73
1154,-0.34,-0.99,-1.95,-1.13
1155,0.28,0.23,0.48,0.37
1156,-0.24,-0.15,0.1,-0.05
1157,0.06,-0.41,0.05,-0.17
1158,0.13,-0.05,-0.29,-0.11
1159,0.16,-0.46,-0.92,-0.58
1160,-0.94,-0.36,-0.47,-0.49
1161,0.04,0,-0.13,-0.05
1162,-0.31,-0.1,-0.11,-0.12
1163,0.09,-0.31,-0.69,-0.37
1164,0.64,-0.09,-0.11,-0.03
1165,0.17,-0.18,-0.83,-0.33
1297,-0.13,-0.16,0.11,-0.04
1298,-0.42,-0.16,-0.32,-0.26
1299,-0.04,0.43,0.02,0.21
1300,0.6,0.77,0.33,0.57
1301,0.13,0.6,0.34,0.43
1302,2.25,1.56,0.54,1.26
1303,-0.14,-0.35,0.07,-0.16
1304,0.08,0.36,0.57,0.49
1307,-0.3,0.08,-0.41,-0.16
1308,-0.14,-0.26,-0.41,-0.32
1309,0.34,0.4,0.47,0.43
1310,-0.15,0.07,-0.43,-0.23
1311,-0.16,-0.56,-0.33,-0.39
1312,-0.1,-0.3,-0.32,-0.28
1313,-0.05,-0.29,-0.55,-0.37
1314,-0.79,-0.79,-0.81,-0.8
1315,-0.79,-0.47,-1.13,-0.79
1316,0.35,0.18,0.03,0.12
1317,-0.61,-0.48,-0.66,-0.56
1318,-0.47,-0.13,-0.2,-0.21
1319,-0.61,-0.49,-1.07,-0.69
1320,-0.2,-0.31,-0.36,-0.32
1321,-0.74,-0.53,-0.77,-0.67
1322,-0.46,-0.53,-0.48,-0.5
1323,0.02,0.08,0.11,0.09
1324,0.12,0.33,0.05,0.15
1325,0.22,0.36,0.25,0.29
1326,-0.63,0.56,-0.24,0.04
1327,-0.32,-0.56,-0.65,-0.55
1328,-0.29,-0.64,-0.68,-0.62
1329,-0.42,-0.84,-1.13,-0.85
1330,-0.16,-0.68,-0.27,-0.46
1331,-0.81,-0.47,-0.59,-0.54
1333,0.26,0.8,0.72,0.73
1334,1.26,0.41,0.05,0.3
1335,0.13,-0.59,-0.09,-0.26
1336,0.34,-0.02,0.13,0.07
1337,0.04,-0.27,-0.19,-0.18
1338,-0.32,0.25,-0.06,0.05
1339,-0.26,-0.72,-1.31,-0.69
1340,0.06,0.66,0.53,0.55
1341,-0.7,-0.68,-0.4,-0.52
1342,-0.09,0.16,-0.13,-0.02
1343,-0.26,-0.05,0.36,0.11
1344,0,-0.55,-0.4,-0.42
1345,-0.04,0.03,-0.22,-0.08
1346,0.16,0.38,0.2,0.26
1347,-1.23,-1.34,-0.93,-1.19
1348,-0.74,-0.45,-0.37,-0.45
1349,1.05,0.18,-0.1,0.06
1350,0.27,0.27,0.44,0.37
1351,-0.24,0.02,-0.43,-0.19
1352,-0.08,-0.16,-0.14,-0.14
1353,-0.38,-0.24,-0.03,-0.18
1354,-0.01,0.18,0.23,0.19
1355,0.09,0.13,-0.21,0.0
1356,-0.7,-0.24,-0.6,-0.45
1357,-0.04,0.06,-0.01,0.01
1358,-0.21,-0.43,-0.55,-0.46
1359,-0.51,-0.92,-0.72,-0.78
1360,-0.63,-0.49,-0.5,-0.5
1361,0.33,-0.12,-0.19,-0.13
1362,0.56,0.3,-0.11,0.31
1363,-0.22,-0.18,-0.81,-0.34
1364,0.75,0.6,-0.12,0.38
1365,-0.21,-0.46,-0.49,-0.44
1366,0.02,-0.88,-1.52,-0.83
1367,-0.56,-0.03,0.02,-0.09
1368,-1.02,-1.5,-1.85,-1.58
1369,0.86,0.73,0.75,0.75
1370,-0.56,-0.46,-0.25,-0.37
1371,-0.46,-0.19,-0.34,-0.28
1372,-0.43,-0.58,-0.67,-0.61
1373,-0.17,-0.14,0.02,-0.07
1374,-0.08,-0.09,-0.16,-0.12
1375,-0.37,-0.99,-1.57,-1.16
1376,-0.14,-0.87,-1.23,-0.94
1377,0.65,0.52,0.13,0.28
1378,0.46,0.8,0.31,0.57
1379,-0.24,-0.1,0.01,-0.06
1380,-0.15,0.72,0.3,0.41
1381,-0.27,-0.28,-0.82,-0.4
1382,1.13,0.15,0.04,0.12
1383,-0.41,-0.74,-1.3,-0.89
1384,0.25,0.28,0.13,0.2
1385,-0.17,-0.3,-0.27,-0.28
1386,0.1,-0.29,-0.43,-0.29
1387,-0.08,-0.02,-0.1,-0.05
1388,0.27,0.1,-0.88,-0.13
1389,1.34,0.76,0.24,0.76
1390,-0.15,-0.86,-0.75,-0.65
1394,0,-0.11,-0.3,-0.15
1395,-0.17,-0.01,0.12,0.02
1396,0.12,0.13,-0.27,-0.02
1397,1.56,0.89,0.55,0.85
1398,-0.27,-0.19,-0.68,-0.34
1399,0.35,-0.31,-0.48,-0.29
1400,-0.37,-0.12,-0.12,-0.15
1401,0.06,-0.11,-0.38,-0.14
1402,0.05,0.58,0.64,0.58
1403,-0.05,-0.15,-0.38,-0.23
1404,-0.33,-0.32,-0.17,-0.25
1405,0.09,0.53,0.46,0.44
1406,0.27,0.34,0.08,0.22
1407,-0.3,-0.27,-0.01,-0.17
1408,0.13,0.63,0.29,0.41
1409,-0.09,-0.01,0.03,-0.01
1410,0.11,-0.13,-0.31,-0.17
1411,0.01,0,0.01,0.0
1412,-0.08,0.08,0.11,0.07
1413,0.06,0.13,0.12,0.12
1415,-0.5,-0.5,-0.55,-0.51
1416,0.7,0.95,0.48,0.79
1417,0.38,0.42,0.21,0.32
1418,0.29,0.67,0.11,0.41
1419,0.41,0.39,0.3,0.36
1420,-0.09,-0.21,-0.66,-0.3
1421,0.22,-0.1,0.24,0.1
1422,-0.45,-0.48,-0.36,-0.44
1423,0.34,-0.31,-0.86,-0.4
1424,-0.04,0.51,0.81,0.42
1425,0.25,0.39,0.16,0.26
1426,-0.09,0.38,-0.81,-0.08
1427,0.43,0.16,-0.24,0.16
1428,-0.31,-0.4,-0.24,-0.34
1429,0.69,0.62,0.52,0.6
1430,-0.02,0.18,-0.07,0.06
1431,0.07,-0.03,0,0.0
1432,-0.43,0.43,0.46,0.27
1433,0.96,-0.24,-0.15,-0.08
1434,0.54,-0.18,-0.06,0.01
1435,-0.12,-0.26,-0.69,-0.26
1436,-0.17,-0.39,-0.89,-0.52
1437,-0.8,-1.32,-1.43,-1.24
1438,0.86,-0.26,-1.04,-0.48
1439,0.87,0.66,0.66,0.69
1440,-0.36,-0.32,-0.92,-0.53
1441,-0.17,-0.66,-1.07,-0.63
1442,0.26,-0.02,-0.13,0.05
1443,0.06,-0.32,-0.16,-0.18
1446,-0.69,-0.17,-0.36,-0.34
1448,-0.29,-0.65,-0.73,-0.61
1450,0.02,0.26,0.48,0.36
1451,-0.29,-0.47,-0.31,-0.4
1452,0.52,-0.09,0.3,0.13
1453,0.45,0.19,0.17,0.26
1454,-0.65,-0.6,-0.35,-0.52
1455,-0.26,-0.36,-0.17,-0.28
1456,0.88,0.16,0.36,0.32
1457,-0.09,0.33,-0.06,0.13
1458,-0.57,-0.98,-1.04,-0.94
1459,-0.04,-0.23,-0.49,-0.26
1460,0.44,0.01,0.05,0.11
1461,-0.06,-0.65,-0.52,-0.52
1462,0.85,0.76,0.28,0.51
1464,-0.32,-0.41,-0.48,-0.41
1465,-0.37,-0.65,-0.84,-0.65
1466,-0.3,-0.38,-0.98,-0.46
1467,0.09,-0.33,-0.39,-0.3
1469,-0.13,0.11,0.09,0.08
1470,-0.01,-0.85,-0.45,-0.57
1471,-0.14,0.01,0.08,0.03
1472,0.56,-0.04,0.08,0.12
1473,0.6,0.29,0.32,0.32
1474,0.16,0.2,-0.05,0.12
1475,0.53,0.86,0.54,0.64
1476,-0.46,-0.45,-0.02,-0.31
1478,0.11,0.39,0.44,0.35
1479,-0.46,0.6,0.7,0.56
1480,-0.43,-0.36,-0.96,-0.49
1481,-0.02,0.22,0.06,0.11
1482,-0.49,-0.57,-0.73,-0.62
1483,-0.5,-0.75,-1.09,-0.8
1484,-0.3,-0.75,-0.73,-0.71
1485,0.17,0.12,0.23,0.17
1486,-1.2,-0.45,-0.01,-0.37
1487,0.17,0.26,0,0.14
1489,-0.1,-0.06,-0.27,-0.15
1490,0.03,-1.28,-0.56,-0.82
1492,0.32,0.39,-0.17,0.21
1493,-0.36,-1.15,-0.96,-0.94
1494,0.2,0.26,-0.04,0.12
1495,0.52,0.43,0.3,0.38
1496,-0.24,0.16,0.21,0.15
1497,0.1,0.06,0.24,0.15
1498,0.14,0.37,0.18,0.24
1499,-0.81,-0.49,-1.01,-0.69
1500,-0.01,0.24,0.12,0.16
1501,-0.14,0.03,-0.44,-0.18
1502,0.73,0.45,0.37,0.43
1503,-0.4,-0.48,-0.59,-0.48
1504,-0.66,-0.37,-0.53,-0.5
1505,0.09,-0.3,-0.72,-0.42
1506,0.23,0.4,-0.08,0.18
1507,-0.43,-0.13,-0.18,-0.19
1508,-0.09,0.65,-0.05,0.28
1509,-0.42,-0.41,-0.55,-0.48
1510,-0.25,-0.14,-0.13,-0.15
1513,-0.19,0.06,-0.23,-0.08
1514,-0.04,-0.01,0,-0.01
1515,-0.14,-0.13,0.09,-0.03
1516,-0.44,-1.42,-1.65,-1.13
1518,0.1,0.06,0.19,0.14
1519,-0.02,0.26,0.18,0.19
1520,-0.32,-0.36,-0.65,-0.5
1522,-0.79,-0.17,-0.76,-0.45
1523,-0.52,-0.1,-0.03,-0.17
1524,-0.03,-0.25,0.18,-0.08
1525,-0.43,-0.14,-0.47,-0.3
1526,0.13,0.31,-0.25,0.15
1527,0.12,0.37,0.4,0.36
1528,0.23,-0.35,-0.31,-0.24
1529,0.38,0.17,0.25,0.23
1530,0.18,0.04,0.02,0.04
1531,-0.18,-0.48,-0.15,-0.32
1532,0.29,-0.03,0.45,0.2
1533,-0.3,-0.13,-0.28,-0.21
1534,-0.25,0.22,-0.31,-0.04
1535,1.06,0.97,0.7,0.82
1536,0.67,0.14,0.68,0.54
1537,0.92,0.45,0.48,0.5
1538,-0.57,-0.45,0.08,-0.31
1539,-0.62,0.34,0.16,0.18
1567,0.87,0.24,0.14,0.32
1568,0.11,-0.39,-1.39,-0.46
1569,0.65,1,0.81,0.87
1570,-0.36,0.01,0.23,0.0
1571,-0.47,-0.21,-0.19,-0.23
1572,0.08,0.23,-0.19,0.02
1573,0.17,0.31,-0.04,0.12
1574,-0.35,-0.36,-0.54,-0.41
1575,-0.17,0.57,0.54,0.45
1576,0.02,-0.24,-0.05,-0.14
1577,-0.01,-0.09,0.1,-0.01
1578,0.36,0.22,0.23,0.24
1579,0.04,0.17,0.2,0.16
1580,0.02,0.28,-0.07,0.07
1581,0.64,0.88,0.44,0.75
1582,0.41,1,-0.07,0.61
1584,0.3,0.2,0,0.13
1585,-0.05,-0.02,0.16,0.08
1588,-0.2,0.08,-0.25,-0.09
1589,-0.11,-0.17,-0.1,-0.13
1590,-0.09,-0.07,-0.15,-0.1
1591,-0.03,0.37,0.73,0.34
1593,0.06,0.03,-0.05,0.01
1594,-0.03,0.18,0.49,0.24
1596,0.41,0.24,0.32,0.29
1597,1.11,1.14,0.78,0.98
1598,0.93,0.58,0.53,0.58
1599,-0.3,0.04,-0.12,-0.08
1600,0.15,0.95,0.78,0.79
1601,-0.45,-0.45,-0.16,-0.37
1602,-0.04,0.44,0.24,0.28
1603,0.06,0.36,0.15,0.22
1604,0.42,0.73,0.59,0.6
1605,-0.18,0.29,0.07,0.13
1606,0.24,0.33,0.26,0.28
1607,0.32,0.09,0.11,0.13
1608,-0.92,-0.91,-0.98,-0.93
1609,-0.16,0.27,-0.02,0.09
1610,0.13,0.35,0.51,0.36
1611,0.38,0.95,0.96,0.83
1612,-0.02,0.03,0.3,0.14
1613,0,-0.53,-1.46,-0.8
1614,-0.6,-0.53,-1.01,-0.69
1615,-0.06,0.63,0.45,0.42
1616,0.14,0.23,0.24,0.23
1617,0.28,0.27,0.29,0.28
1618,-0.02,-0.06,-0.43,-0.13
1619,-0.25,0,-0.03,-0.04
1620,-0.39,-0.6,-0.72,-0.57
1621,-0.15,-0.24,-0.4,-0.28
1622,0.47,0.13,0.09,0.14
1623,0.52,0.64,0.24,0.47
1624,-0.21,-0.44,0.07,-0.28
1625,-0.14,-0.41,-0.59,-0.43
1626,-0.38,-0.16,-0.39,-0.26
1627,-0.16,-0.81,-0.94,-0.74
1628,0.23,0.6,0.46,0.51
1629,0.78,0.7,0.53,0.68
1630,0.09,0.43,0.03,0.24
1631,0.47,0.61,0.38,0.51
1632,0.38,0.05,-0.31,-0.06
1633,1.03,0.72,0.66,0.72
1634,-0.1,0.11,-0.44,-0.16
1635,0.16,0.14,-0.11,0.06
1636,-0.55,-0.58,-1.01,-0.71
1637,-0.54,-0.77,-0.82,-0.77
1638,-0.21,0.14,0.24,0.15
1639,0.2,0.02,0.16,0.1
1640,0.08,0.17,0.08,0.12
1641,0.09,-0.38,-0.45,-0.33
1642,0.14,-0.24,-0.25,-0.18
1643,-0.48,0.32,0.55,0.29
1644,-0.32,-0.39,-0.01,-0.21
1645,-0.76,-0.81,-0.8,-0.8
1646,-0.79,-0.44,-1.01,-0.72
1647,-0.32,-0.04,0.05,-0.03
1648,-0.89,-0.82,-0.98,-0.9
1649,-0.31,-0.58,-0.83,-0.68
1650,-0.48,-0.16,-0.61,-0.35
1651,-0.27,-0.56,-0.44,-0.47
1652,-0.29,-0.1,0.05,-0.09
1653,-0.69,-0.8,-0.31,-0.59
1654,0.2,0.03,0.34,0.22
1655,-0.58,-0.24,-0.36,-0.34
1656,-0.74,-0.87,-0.94,-0.89
1657,0.21,0.24,-0.16,0.1
1658,-0.59,-0.5,-0.18,-0.34
1659,-0.08,-0.3,-0.18,-0.22
1660,-0.11,-0.19,-0.14,-0.16
1661,-0.44,-0.78,-1.14,-0.87
1662,-0.22,0.04,-0.3,-0.13
1663,-0.18,-0.43,0.26,-0.22
1664,0.11,0.2,-0.07,0.04
1665,-0.63,-0.65,-0.63,-0.64
1666,-0.29,-0.47,-0.51,-0.46
1667,-0.22,-0.36,0.08,-0.15
1668,-0.09,0.13,0.07,0.08
1669,-0.35,-0.23,-0.29,-0.27
1670,-0.18,-0.7,-0.43,-0.52
1671,0.42,0.4,0.36,0.38
1672,-0.3,0.14,-0.06,0.0
1673,-0.1,-0.1,0.04,-0.02
1674,0.8,0.29,0.21,0.29
1675,-0.05,0.22,0.32,0.27
1676,-0.23,-0.16,-0.16,-0.16
1677,-0.58,-0.37,-0.37,-0.42
1678,0.48,-0.53,-0.65,-0.52
1679,-0.27,-0.72,-0.97,-0.58
1680,-0.54,0.06,0.17,-0.05
1681,0.16,0.22,0.29,0.23
1683,0.46,0.51,0.08,0.36
1684,0.13,0.2,0.09,0.14
1685,0.25,0.18,-0.12,0.04
1686,-0.06,0.09,-0.18,-0.03
1687,-1.3,-0.53,-1.37,-0.91
1688,0.07,0.24,0.01,0.12
1689,-0.51,0.18,-0.06,-0.03
1690,0.27,0.01,0.45,0.23
1691,-0.19,0.2,0.09,0.1
1692,0.09,0.67,0.63,0.57
1693,-0.29,-0.48,-0.48,-0.46
1694,0.16,0.39,0.31,0.33
1695,-0.91,-0.24,-0.42,-0.38
1696,0.83,0.18,-0.28,-0.05
1697,0.05,-0.18,-0.02,-0.08
1698,0.01,0.24,0.28,0.22
1699,0.36,0.25,-0.21,0.11
1905,0.1,-0.28,-1.01,-0.52
1906,0.92,1.16,0.91,1.03
1907,-0.68,-0.96,-1.16,-0.95
1908,-0.02,0.14,0.49,0.23
1909,0.77,0.53,0.2,0.41
1910,0.02,-0.02,-0.33,-0.08
1911,-0.41,-0.51,-0.44,-0.47
1912,0.08,-0.36,-0.66,-0.42
1913,0.12,-1.29,-1.14,-1.05
1914,-0.34,-0.42,-1.18,-0.74
1915,0.18,-0.37,-0.41,-0.35
1916,0.15,-0.32,-1.2,-0.58
1917,-0.25,-0.48,-0.64,-0.53
1918,-0.78,-0.82,-1.14,-0.94
1919,0.45,0.33,0.18,0.28
1920,-0.69,-0.21,-0.4,-0.35
1921,-0.12,-0.18,-0.57,-0.32
1922,0.23,-0.12,-0.11,-0.08
1923,-0.19,0.09,-0.29,-0.1
1924,-0.01,-0.39,-0.17,-0.26
1925,-0.02,-0.13,0.22,-0.01
1926,0.01,0.03,0.17,0.08
1927,0.2,0.1,-0.21,-0.05
1928,-0.69,-0.74,-1.58,-0.97
1929,-0.26,0.2,0.35,0.28
1930,0.16,0.11,-0.29,0.02
1931,0.14,0.32,0.14,0.22
1932,0.38,0.17,0.3,0.24
1933,0.3,0.73,0.28,0.47
1934,0.58,0.2,-0.18,0.1
1935,0.17,-0.01,-0.34,-0.19
1936,0.19,0.06,-0.23,-0.1
1937,0.27,0.06,-0.39,-0.14
1938,-0.65,-0.06,0.11,0.0
1939,-1.26,-1.14,-1.04,-1.12
1940,-0.56,-0.56,-0.44,-0.51
1941,-0.15,-0.16,0.09,-0.03
1942,0.66,0.41,0.31,0.37
1943,-0.84,-0.7,-0.86,-0.76
1944,-0.37,0.01,-0.4,-0.18
1945,-0.6,-0.5,-0.56,-0.54
1946,-0.42,0.19,0.77,0.11
1947,-0.56,0.2,-0.15,0.01
1948,0.24,0.04,-0.11,0.0
1949,-0.38,-0.4,-0.59,-0.45
1950,-0.26,-0.43,-0.21,-0.33
1951,0.17,0.41,0.21,0.3
1952,0.12,0.39,0.32,0.33
1954,0.14,0.28,0.41,0.33
1955,-0.25,0.27,0.27,0.24
1956,-0.23,-0.7,-0.66,-0.59
1957,-0.47,-0.01,0.09,-0.02
1958,-0.2,-0.25,-0.35,-0.29
1959,-0.53,-0.29,0.01,-0.18
1960,0.68,0.19,0.33,0.31
1961,0.15,-0.48,-0.57,-0.39
1962,-0.74,-0.82,-0.78,-0.79
1963,-0.1,-0.49,-0.26,-0.33
1964,-0.18,-0.35,-0.41,-0.36
1965,0.09,-0.32,-0.04,-0.16
1966,0.53,0.01,-0.32,-0.01
1967,-0.09,-0.26,-0.39,-0.26
1968,-0.44,-0.37,0.26,-0.23
1969,-0.59,-0.39,-0.36,-0.41
1970,0.52,0.68,0.86,0.78
1971,-0.63,-0.35,-1.07,-0.62
1972,0.16,0.21,0.36,0.28
1973,-0.14,0.06,0.02,0.01
1974,-0.52,-0.21,0.06,-0.09
1975,0.19,0.02,0.2,0.14
1976,0.28,0.45,-0.16,0.17
1977,0.21,0.1,-0.13,0.02
1978,-0.14,-0.31,-0.24,-0.26
1979,0.65,0.26,0.15,0.23
1980,0.21,-0.16,-0.15,-0.12
1981,-0.91,-0.42,-0.78,-0.6
1982,-0.09,0.24,0.37,0.27
1983,-0.01,-0.12,0.4,0.15
1984,-0.41,-0.01,0.01,-0.04
1985,-0.33,-0.26,-0.09,-0.2
1986,-0.36,0.13,0,0.03
1987,-0.82,-0.29,-0.52,-0.44
1988,-0.35,-0.26,-0.52,-0.39
1989,-0.26,-0.38,-0.54,-0.42
1990,0.11,-0.1,-0.08,-0.06
1991,0.3,0.19,-0.26,0.05
1992,-0.49,-0.69,-0.49,-0.6
1993,0.02,0.06,-0.33,-0.13
1994,0.27,0.48,0.53,0.47
1995,0.43,-0.23,0.25,0.14
1996,-0.1,0.05,-0.25,-0.09
1997,-0.16,0.51,0.08,0.22
1998,0.42,0.32,0.26,0.28
1999,0.1,-0.42,-1.01,-0.64
2000,-0.11,-0.33,-0.03,-0.2
2001,0.5,0.37,-0.02,0.26
2002,-0.68,-0.55,-0.78,-0.65
2003,-0.6,-0.35,-0.56,-0.46
2004,-0.17,0.31,-0.06,0.08
2005,0.13,-0.05,-0.22,-0.09
2006,-0.22,0.18,0.4,0.29
2007,-0.43,-0.49,-0.5,-0.48
2008,-0.04,-0.31,-0.07,-0.17
2009,-0.58,0.4,0.09,0.16
2010,-0.02,0.58,0.17,0.33
2011,-0.59,-0.21,-0.3,-0.31
2012,-0.04,0.3,0.23,0.23
2013,0,-0.17,-0.11,-0.12
2014,0,-0.24,-0.43,-0.28
2015,-0.41,-0.01,-0.17,-0.12
2016,0.04,0.28,0.25,0.25
2017,-0.73,-0.54,-1.29,-0.73
2018,0,-0.08,0.7,0.18
2019,-0.06,-0.67,-0.93,-0.67
2020,-0.34,-0.51,-0.35,-0.42
2021,-0.16,-0.82,-0.95,-0.75
2022,-0.07,-0.27,-0.02,-0.13
2023,-0.56,-0.33,-0.37,-0.4
2024,-0.32,-0.49,-0.5,-0.47
2025,-0.25,-0.11,-0.1,-0.12
2026,0.51,0.67,0.36,0.55
2027,-0.23,-0.06,0.09,-0.05
2028,0.2,0.52,0.24,0.35
2029,-0.61,-0.52,-0.66,-0.58
2030,-0.96,-0.99,-1.24,-1.03
2031,0.19,0.25,0.36,0.3
2032,0.04,0.01,-0.12,-0.05
2033,-0.6,-1.08,-1.18,-1.08
2137,1.39,1.74,1,1.29
2138,0.04,0.13,-0.32,-0.07
2139,-0.49,0.36,0.12,0.15
2140,0.37,0.08,0.27,0.2
2142,0.33,-0.12,-0.17,-0.12
2143,0.78,0.46,-0.11,0.31
2144,0.08,0.29,0.04,0.15
2146,0.97,1.22,0.92,1.01
2147,0.55,0.64,0.29,0.51
2148,0.21,0.8,0.7,0.71
2149,0.46,0.48,0.01,0.34
2150,0.67,0.49,0.38,0.42
2151,-0.06,-0.5,-0.47,-0.42
2152,-1.46,-1.28,-1.82,-1.48
2153,-0.09,-0.53,-0.05,-0.26
2191,0.28,0.1,-0.09,0.07
2192,0.98,0.71,0.35,0.55
2193,0.8,0.61,0.71,0.67
2194,0.17,-0.49,-0.62,-0.42
2195,-0.49,-0.82,-1.38,-0.95
2196,-1.31,-0.86,-0.53,-0.73
2197,-0.35,-0.48,-0.48,-0.46
2198,-0.59,-0.17,-0.21,-0.21
2200,-0.32,-0.82,-1.68,-0.97
2201,-0.47,-0.4,-0.66,-0.5
2202,0.5,0.81,0.42,0.63
2203,0.29,0.23,-0.3,-0.06
2204,0.94,0.89,0.72,0.8
2205,0.7,0.73,0.62,0.69
2206,-0.44,-0.23,0.05,-0.15
2207,-0.04,0.45,0.3,0.34
2208,0.04,-0.29,-0.6,-0.36
2209,0.1,0,-0.14,-0.04
2210,0.63,0.44,0.19,0.37
2211,0.5,0.72,0.43,0.55
2212,0.34,0.27,-0.02,0.14
2213,-0.11,-0.25,-0.17,-0.2
2214,0.12,0.3,-0.19,0.07
2215,-0.32,0.11,0.06,0.01
2216,-0.36,-0.56,-0.18,-0.38
2217,-0.1,-0.17,-0.01,-0.07
2218,0.21,-0.01,-0.01,0.03
2219,0.72,0.72,0.79,0.75
2220,0.12,0.32,0.34,0.29
2221,-0.47,0.04,0.02,-0.02
2222,-0.36,-0.26,-0.1,-0.22
2223,-0.37,-0.76,-0.03,-0.46
2224,0.09,0.02,-0.03,0.01
2225,0.15,0.14,0.27,0.17
2226,-0.07,-0.03,-0.05,-0.04
2227,-0.57,0.04,0.25,0.05
2228,0.31,0.91,0.75,0.79
2229,-0.22,-0.23,-0.9,-0.47
2230,-0.16,-0.18,-0.62,-0.33
2231,0.09,-0.88,-0.67,-0.69
2232,-0.07,-0.14,-0.59,-0.23
2233,0.32,0.62,-0.36,0.32
2234,0.04,-0.19,-0.29,-0.22
2235,-0.94,-0.39,-1,-0.72
2236,0.66,0.1,-0.47,0.08
2237,-0.43,-0.3,-0.16,-0.26
2238,0.06,0.63,0.21,0.37
2239,-0.09,-0.44,-0.41,-0.41
2240,0.77,0.55,0.03,0.38
2241,0.47,0.48,0.19,0.37
2242,-0.25,-0.15,-0.12,-0.14
2243,-0.48,-0.64,-0.61,-0.6
2244,0.12,-0.1,0.04,-0.01
2245,0.44,0.64,0.07,0.29
2246,0.07,-0.25,-0.34,-0.25
2247,-0.38,-0.06,-0.18,-0.16
2248,1.27,-0.37,-0.79,-0.4
2249,-0.03,-0.62,-0.34,-0.46
2250,1.03,0.84,0.46,0.73
2251,-0.13,0.2,-0.4,-0.16
2252,0.28,0.41,0.44,0.4
2253,-0.43,-0.12,-0.23,-0.21
2254,0.58,0.25,0.24,0.27
2255,-0.22,-0.36,-0.54,-0.41
2256,0.29,0.39,0.48,0.4
2257,-0.82,0.03,0.28,0.02
2258,0.3,0.22,0.06,0.16
2259,0.11,-0.13,0.09,-0.02
2260,-1.01,-0.59,-0.28,-0.51
2261,0.34,-0.07,-0.09,0.02
2262,-0.54,-0.51,0.05,-0.22
2263,0.64,0.04,-0.25,-0.01
2264,0.06,-0.3,-0.38,-0.27
2266,-0.31,-0.18,-0.23,-0.22
2267,0.78,0.67,0.47,0.59
2268,0.52,-0.34,-0.37,-0.32
2269,-0.31,-0.74,-0.64,-0.64
2270,0.17,-0.08,-0.76,-0.14
2271,0.29,-0.11,-0.07,-0.06
2272,0.1,0.19,-0.38,-0.05
2273,-0.15,0.1,-0.27,-0.07
2274,-0.07,-0.2,-0.31,-0.2
2275,-0.18,-0.29,-0.5,-0.37
2276,-0.27,-0.43,-0.55,-0.44
2277,-0.54,-0.63,-0.38,-0.54
2278,0.9,-0.08,0.04,0.07
2279,0.51,0.3,-0.88,0.0
2280,0.04,0.02,0.03,0.03
2281,-0.32,-0.05,-0.08,-0.12
2282,0.08,0.33,0.31,0.3
2283,0.1,-0.34,-0.36,-0.29
2284,-0.36,0.21,-0.33,-0.08
2286,0.83,-0.14,-0.14,0.04
2287,-0.25,0.02,-0.35,-0.19
2288,-0.06,-0.1,0.18,0.0
2289,0.81,0.44,0.38,0.43
2290,-0.61,0.07,-0.03,-0.06
2291,-0.01,-0.21,-0.91,-0.48
2292,0.24,0.31,0.21,0.25
2293,-0.19,0.72,0.75,0.67
2294,0.28,0.54,0.59,0.54
2295,0.22,0.6,0.79,0.65
2296,0.45,0.07,0.21,0.16
2297,0.11,-0.11,-0.17,-0.11
2298,-0.33,-0.22,-0.12,-0.2
2299,-0.03,0.03,-0.23,-0.05
2300,0.43,-0.09,0.15,0.05
2301,0.09,0.21,0.16,0.17
2302,-0.34,-0.01,-0.08,-0.07
2303,0.29,0.02,-0.59,-0.09
2304,-0.19,0.73,0.71,0.65
2305,-0.18,0.53,0.3,0.35
2306,0.95,0.59,0.56,0.7
2307,-0.49,-0.63,-0.57,-0.58
2308,-0.11,0.18,0.2,0.13
2309,0.81,1.04,0.92,0.97
2310,-0.76,-0.44,-0.7,-0.58
2311,-0.32,-0.86,-1.2,-0.86
2312,-0.07,0.39,0.01,0.18
2313,0.91,0.61,0.3,0.55
2314,0.1,0.41,0.2,0.29
2315,-0.07,0.2,0.28,0.19
2316,-0.08,0.29,-0.09,0.05
2317,0.17,0.93,0.6,0.69
2318,0.21,0.71,0.21,0.4
2319,0.17,-0.11,0.15,0.04
2342,0.38,0.31,-0.02,0.14
2343,0.65,0.82,0.5,0.64
2344,0.35,0.23,0.16,0.21
2345,0.21,0.07,-0.07,0.1
2346,-0.21,-0.06,0.23,0.06
2347,-0.49,-0.3,-0.49,-0.4
2348,-0.26,0.51,0.43,0.39
2349,0.44,0.53,-0.4,0.32
2350,0.14,0.51,0.23,0.33
2351,0.43,0.39,0.41,0.41
2352,0.14,0.06,0.02,0.05
2353,-0.04,-0.13,0.06,-0.04
2354,-0.09,-0.37,0.1,-0.13
2355,0.21,0.71,0.77,0.66
2356,-0.19,-0.06,-0.29,-0.17
2357,-0.1,-0.06,-0.19,-0.12
2358,0.11,0,0,0.01
2359,-0.61,-0.37,-0.33,-0.41
2360,-0.04,-0.09,0.01,-0.04
2361,-0.08,-0.39,-0.45,-0.33
2362,-0.07,0.05,0.02,0.02
2363,0.84,0.49,0.79,0.7
2364,-0.1,0.06,0.03,0.02
2365,-0.34,-0.13,0.27,0.05
2366,-0.02,0.39,0.2,0.26
2367,0.74,0.91,0.71,0.78
2368,0.05,0.71,0.62,0.59
2369,-0.26,0.12,-0.04,0.0
2370,-0.43,-1.57,-1.57,-1.48
2371,0.02,0.17,0.1,0.13
2372,-0.78,-0.51,-0.56,-0.56
2373,-0.48,-0.56,-0.9,-0.69
2374,0.86,0.91,0.45,0.68
2375,-1.15,-0.95,-0.85,-0.95
2376,0.54,-0.07,-0.34,-0.02
2377,-0.43,-1.33,-1.85,-1.38
2378,-0.17,-0.37,-0.1,-0.24
2379,0.07,-0.37,-0.44,-0.35
2380,-0.67,0.18,0.21,0.14
2381,0.26,-0.1,-0.03,-0.03
2382,-0.22,-0.25,-0.29,-0.26
2383,0.23,-0.17,0.01,-0.05
2384,0.26,0.33,0.19,0.25
2385,0.34,-0.3,0.07,-0.07
2386,0.39,-0.22,-0.09,-0.1
2387,-0.45,-0.52,-0.13,-0.37
2388,-0.31,-0.3,-0.18,-0.24
2389,0.46,-0.16,0,-0.05
2390,0.02,-0.23,-0.37,-0.23
2391,-0.7,-1.28,0.33,-0.51
2392,-0.79,-0.01,0.04,-0.03
2393,-0.13,-0.01,0.07,0.0
2394,-0.6,-0.25,-0.55,-0.4
2395,-0.33,-0.19,-0.21,-0.22
2396,0.6,0.06,0.23,0.19
2397,0.81,-0.1,0.16,0.19
2398,-0.27,-1,-1.77,-1.1
2399,0.05,-0.16,-0.11,-0.1
2400,-0.33,-0.15,-0.21,-0.19
2401,-0.42,-0.36,-0.35,-0.37
2402,-0.45,-0.36,-0.73,-0.51
2403,0.88,0.55,0.26,0.5
2404,-0.32,-0.51,-0.49,-0.49
2405,-0.54,-0.45,-0.61,-0.53
2406,-0.28,0.07,0.23,0.08
2407,-0.64,-0.38,-0.1,-0.29
2408,0.04,0.07,0.14,0.09
2409,0.27,0.17,0.32,0.25
2410,-0.66,-0.34,-0.26,-0.34
2411,-0.33,-0.09,0.07,-0.06
2412,-0.28,0.22,0.06,0.1
2413,0.05,0.02,0.06,0.05
2414,0.05,0.26,-0.16,0.09
2415,0.33,0.24,-0.01,0.11
2416,-0.08,-0.49,-0.48,-0.47
2417,0.97,0.65,0.57,0.67
2419,-0.91,-0.86,-0.7,-0.81
2420,-0.23,-0.4,-1.12,-0.59
2421,-0.05,-0.1,-0.34,-0.18
2422,-0.44,-0.3,-0.3,-0.31
2423,-0.03,-0.14,-1.01,-0.45
2424,0.04,-0.4,-0.97,-0.48
2425,0.72,0.14,-0.47,-0.01
2426,-0.48,-0.78,-1.35,-0.81
2427,-0.42,-0.84,-1.29,-0.82
2428,0.18,0.31,-0.13,0.19
2429,-0.4,-0.52,-0.58,-0.52
2430,0.33,0.13,-0.08,0.06
2431,-0.52,-0.51,-0.81,-0.6
2432,-0.57,-0.22,-0.68,-0.39
2433,0.03,-0.07,0.08,0.0
2434,0.08,0.12,0.12,0.12
2435,-0.24,-0.11,-0.28,-0.19
2436,0.29,-0.02,-0.19,-0.02
2437,0.28,0.37,-0.14,0.22
2438,-0.19,0.03,0.07,0.01
2439,-0.16,0.31,-0.28,-0.04
2440,-0.07,0.19,-0.04,0.08
2441,0.05,-0.15,-0.4,-0.21
2442,-0.71,-0.42,-0.31,-0.44
2443,-0.05,0.44,0.45,0.42
2444,0.32,-0.01,-0.14,-0.02
2445,-0.14,-0.09,-0.26,-0.14
2446,0.03,-0.05,-0.12,-0.08
2447,0.21,-0.24,-0.37,-0.27
2448,-0.4,-0.76,-0.88,-0.74
2449,-0.69,-0.17,-0.17,-0.22
2450,-0.16,-0.54,-0.45,-0.45
2451,-0.33,0.24,-0.41,-0.06
2452,-0.02,0.51,0.46,0.45
2453,-0.15,-0.49,-0.39,-0.43
2454,-0.35,0.07,0.19,0.09
2455,-0.14,-0.09,-0.12,-0.1
2456,-0.45,-0.11,0.15,0.0
2457,-0.22,0.14,-0.04,0.03
2458,0.25,0.48,0.32,0.38
2459,0.16,0.38,-0.01,0.24
2460,-0.15,-0.84,-0.52,-0.57
2461,-0.12,-0.25,-0.26,-0.24
2462,0.37,0.51,0.4,0.46
2463,-0.14,-0.47,-0.57,-0.48
2464,0.39,0.87,0.64,0.72
2465,0.23,0.07,0.02,0.07
2466,-0.21,-0.03,-0.08,-0.07
2467,-0.2,0.09,-0.2,-0.08
2468,-0.41,-0.06,-0.17,-0.14
2469,-0.31,-0.21,-0.21,-0.22
2470,-0.3,-0.56,-0.69,-0.54
2471,-0.14,-0.34,-0.38,-0.34
2472,-0.41,-0.32,-0.62,-0.4
2473,0.3,-0.02,-0.26,-0.03
2474,-0.89,-1.02,-0.83,-0.95
2475,-0.76,-0.71,-0.84,-0.75
2476,0.18,0.3,-0.06,0.18
2477,0.62,0.87,0.5,0.69
2478,-0.08,0.04,0.03,0.02
2479,0.19,0.32,0.23,0.27
2480,-0.41,-0.15,0.33,0.03
2481,0.32,0.5,0.17,0.33
2482,0.43,0.14,0.22,0.2
2483,-0.03,-0.92,-1.31,-0.8
2485,0.24,-0.08,-0.21,-0.1
2486,0.25,-0.28,-0.38,-0.22
2487,-0.3,-0.01,-0.04,-0.05
2488,0,0.35,0.17,0.22
2489,-0.02,-0.25,-0.56,-0.26
2490,0.15,0.14,-0.73,-0.04
2491,0.74,0.65,0.77,0.72
2492,0.87,0.36,0.48,0.48
2493,-0.17,-0.17,-0.25,-0.19
2494,-0.06,-0.06,-0.25,-0.15
2495,-0.17,-0.15,0.36,0.12
2496,-0.39,0.08,-0.01,-0.03
2497,-0.39,-0.43,-1.03,-0.75
2498,0.15,0.13,0.1,0.12
2499,0.34,0.71,0.53,0.57
2500,0.7,0.34,0,0.2
2501,0.09,0.04,-0.19,-0.02
2502,-0.43,0.11,-0.2,-0.1
2503,0.52,0.41,0.27,0.37
2504,-0.26,0.06,-0.06,-0.02
2505,-0.52,0.33,-0.33,-0.08
2506,-0.01,-0.07,-0.31,-0.13
2507,-0.51,0.01,0.19,0.01
2508,0.18,0.45,0.68,0.49
2509,-0.16,-0.09,-1.02,-0.39
2510,0.15,-0.09,-0.54,-0.1
2511,-0.35,-0.48,-1.67,-0.61
2512,0.53,0.76,-0.45,0.45
2513,0.15,0.25,0.02,0.15
2514,-0.13,0.24,0.53,0.3
2515,-0.05,-0.34,-0.98,-0.4
2516,-0.44,0.12,-0.42,-0.17
2517,-0.4,-0.65,-0.94,-0.66
2518,-0.41,-0.57,-0.85,-0.59
2519,-0.32,0.09,-0.11,-0.02
2520,0.05,0.01,-0.27,-0.06
2521,-0.33,-0.31,-0.74,-0.42
2522,-0.34,-0.87,-0.8,-0.76
2523,-0.22,-0.11,-0.69,-0.25
2524,-0.86,-1.14,-2.34,-1.19
2525,-0.86,-0.17,-0.39,-0.38
2526,-0.13,-0.31,-0.3,-0.26
2527,-0.4,-0.23,-0.25,-0.27
2528,0.6,0.28,-0.1,0.22
2529,-0.46,0.08,0.21,0.04
2530,0.18,0.1,-0.94,-0.06
2531,0.26,0.24,-0.44,0.04
2532,-0.47,-0.43,-0.53,-0.47
2533,-0.28,-0.35,-0.65,-0.4
2534,0.57,0.16,-0.36,0.14
2535,-0.39,-0.43,-1.4,-0.66
2536,0.08,-0.04,-0.54,-0.14
2537,0.02,-0.4,-0.82,-0.43
2538,-0.5,-0.87,-0.99,-0.81
2539,-0.17,-0.3,-0.52,-0.33
2540,-0.38,-0.4,-0.15,-0.33
2541,-0.11,0.12,-0.85,-0.12
2542,-0.11,0,-0.49,-0.13
2543,-0.13,-0.07,-0.38,-0.17
2544,-0.59,-0.84,-1.12,-0.8
2545,0.09,0.48,0.45,0.39
2546,-0.77,-0.5,-0.94,-0.66
2547,0.2,0.25,0.16,0.22
2548,0.3,0.08,-0.15,0.06
2549,0.1,-0.04,-0.24,-0.06
2550,0.3,-0.32,-0.37,-0.15
2551,0.11,-0.24,-0.61,-0.28
2552,-0.15,-0.21,-0.8,-0.39
2553,0.39,0.07,-0.03,0.09
2554,-0.32,-0.11,-0.36,-0.21
2555,0.32,0.33,0.15,0.31
2556,-0.03,0.02,-0.37,-0.08
2557,-0.06,-0.18,-0.55,-0.21
2558,0.17,-0.05,-0.76,-0.14
2559,-0.14,-0.25,-0.37,-0.24
2560,-0.21,-0.42,-0.46,-0.39
2561,0.23,-0.42,-1.26,-0.46
2562,-0.12,-0.33,-0.19,-0.24
2563,-0.19,0.05,-0.25,-0.13
2564,-0.05,-0.01,-0.34,-0.17
2565,-0.16,-0.29,-0.27,-0.27
2566,0.05,-0.11,-0.18,-0.11
2567,-0.01,-0.03,-0.11,-0.06
2568,-0.69,-0.46,-0.43,-0.51
2569,-0.39,-0.56,-0.19,-0.39
2570,-0.01,-0.51,-0.41,-0.38
2571,-0.37,-0.8,-0.78,-0.75
2572,0.04,-0.26,-0.52,-0.34
2573,-0.38,-0.44,-0.55,-0.48
2574,0,0.14,0.14,0.13
2575,0.63,-0.02,-0.1,0.06
2576,-0.19,-0.55,-0.75,-0.61
2577,-1.29,-1.42,-1.81,-1.52
2578,-0.23,-0.34,-0.66,-0.46
2579,0.11,0.21,-0.32,-0.1
2580,0.52,0.04,-0.05,0.09
2581,0.22,-0.53,-0.1,-0.29
2582,0.02,-0.31,-0.09,-0.19
2583,0.43,0.44,0.02,0.27
2584,-0.02,-0.12,-0.05,-0.08
2585,0.1,-0.01,-0.22,-0.05
2586,0.55,0.25,0.29,0.29
2587,-0.21,-0.56,-0.57,-0.5
2588,-0.05,-0.05,0.29,0.09
2589,0.42,0.67,0.5,0.56
2590,-0.06,0.22,-0.16,0.03
2591,-0.18,0.33,-0.12,0.08
2592,-0.39,-0.47,0.13,-0.33
2593,-0.27,-0.61,-0.59,-0.56
2594,0.29,0.12,-0.03,0.1
2595,-0.68,-0.7,-0.53,-0.64
2596,-0.36,0.1,-0.25,-0.12
2597,0.54,0.05,0.15,0.14
2598,-0.31,-0.26,-0.06,-0.22
2599,1.22,0.38,0.15,0.46
2600,-0.66,-0.75,-1.07,-0.88
2601,-0.08,-0.37,-0.17,-0.27
2602,0.03,0.08,0.27,0.14
2603,-0.35,-0.32,-0.51,-0.41
2604,0.12,0.14,0.07,0.1
2605,-0.8,-0.41,-0.28,-0.44
2606,-0.11,-0.06,0.09,-0.02
2607,0.68,0.74,0.75,0.74
2608,-0.74,-0.08,-0.28,-0.24
2609,0,0.12,-0.36,-0.05
2610,-0.59,-0.79,-1.16,-0.91
2611,-0.06,0.12,0.1,0.07
2612,0.5,0.02,-0.39,-0.01
2613,0.07,-0.56,-0.92,-0.52
2614,-0.02,0.04,-0.17,-0.06
2615,-0.03,-0.05,-0.16,-0.08
2616,1.44,2.12,1.82,1.9
2617,0.33,0.36,0.2,0.29
2618,-0.34,-0.43,-0.73,-0.54
2619,-0.38,-0.79,-1.59,-0.89
2620,-0.96,-0.89,-1.88,-1.03
2621,-0.13,-0.21,-0.51,-0.29
2622,-0.35,-0.84,-1.17,-0.95
2623,0.06,-0.11,-0.42,-0.2
2624,0.1,0.09,-0.4,-0.12
2625,0.25,0.29,0.25,0.27
2626,-0.03,0.01,-0.36,-0.14
2627,-0.22,-0.19,-0.23,-0.21
2628,-0.91,-0.48,-0.6,-0.56
2629,0.66,0.48,0.2,0.37
2630,0.24,0.35,0.3,0.31
2631,0.04,0.01,0.06,0.03
2632,0,-0.29,-0.22,-0.21
2633,-0.22,-0.53,-0.36,-0.42
2634,-0.08,-0.27,-0.27,-0.22
2635,0.54,0.06,0.01,0.14
2636,-0.33,-0.09,0.02,-0.08
2637,-0.62,-1.22,-1.52,-1.22
2638,0.16,-0.08,-0.26,-0.07
2639,0.62,0.29,0.21,0.27
2640,-0.26,0.26,0.1,0.14
2641,0.04,0.39,0.34,0.34
2642,-0.32,-0.33,0.12,-0.14
2643,-0.35,-0.47,-0.58,-0.5
2644,0.23,0.09,0.05,0.09
2645,0.02,-0.33,-0.46,-0.32
2646,-0.07,0.44,0.69,0.56
2647,0.28,0.11,0.23,0.19
2648,0.03,0.17,0.01,0.09
2649,-1.1,-0.19,0.01,-0.16
2650,-0.61,-0.46,-0.28,-0.36
2651,-0.19,-0.1,-0.44,-0.24
2652,0.17,-0.06,-0.01,-0.01
2653,0.06,0.1,-0.2,-0.02
2654,-0.34,0.32,0.41,0.34
2655,-0.09,-0.37,-0.48,-0.39
2656,0.27,0.26,0.37,0.31
2657,0.43,0.28,0.38,0.34
2658,-0.51,-0.49,-0.12,-0.35
2659,0.8,0.43,0.34,0.48
2660,-0.55,-0.4,-0.35,-0.44
2661,-0.53,-0.81,-0.56,-0.7
2662,0.14,-0.37,-0.21,-0.21
2663,-0.92,-0.56,-1.07,-0.78
2664,-0.96,-0.88,-1.11,-0.97
2665,-0.2,0.23,0.36,0.22
2666,-0.3,-0.4,-0.5,-0.43
2667,0.1,-0.1,-0.04,-0.05
2668,0.17,-0.14,-0.4,-0.13
2669,0.3,0.07,-0.58,0.01
2670,-0.57,-0.59,-0.69,-0.6
2671,0.76,0.34,-0.07,0.34
2672,-0.32,-0.37,-0.23,-0.31
2673,-0.3,-0.6,-0.36,-0.46
2674,-0.19,0.25,-0.33,-0.03
2675,0.27,-0.28,-0.36,-0.22
2676,-0.59,-0.8,-1.37,-0.88
2677,-0.35,-0.75,-0.72,-0.67
2679,-0.47,-0.88,-1.12,-0.89
2680,0.48,0.01,0,0.04
2681,0.49,0.26,0.19,0.25
2682,0.1,-0.46,-0.06,-0.24
2683,0.55,0.2,-0.88,-0.03
2684,0.08,0.04,0.18,0.11
2685,0.42,0.4,-0.06,0.19
2686,-0.35,-0.32,0.11,-0.07
2687,-0.35,0.21,0.3,0.24
2688,0.22,0.2,0.47,0.35
2689,0.41,0.04,0.32,0.23
2690,0.39,0.4,0.33,0.37
2691,0.22,0.29,0.05,0.2
2692,0.4,0.43,0.17,0.32
2693,0.13,0.47,0.27,0.35
2694,0,0.24,0.53,0.35
2695,-0.01,-0.03,-0.25,-0.15
2696,-0.03,-0.02,-0.67,-0.21
2697,0.07,0.16,-0.2,0.02
2698,-0.11,-0.15,-0.35,-0.23
2699,0.04,-0.02,-0.22,-0.09
2700,0.03,0.59,0.3,0.38
2701,-0.03,-0.16,-0.27,-0.19
2702,0.33,0.57,0.15,0.34
2703,0.17,-0.33,-0.21,-0.2
2704,-0.44,-0.32,-0.33,-0.35
2705,-0.13,0.05,-0.13,-0.04
2706,0.38,0.31,0.37,0.34
2707,-0.26,-0.13,-0.14,-0.16
2708,-0.12,-0.2,-0.13,-0.16
2709,0.26,0.1,-0.03,0.07
2710,-0.3,0.33,0.19,0.19
2711,0.33,0.72,0.46,0.57
2712,-0.86,-0.59,-0.71,-0.66
2713,0.3,0.24,0.08,0.18
2714,-0.15,-0.06,-0.21,-0.13
2715,-0.02,0.24,0.18,0.2
2716,-0.48,-0.2,-0.1,-0.22
2717,0.18,0.28,0.28,0.26
2718,-0.02,0.12,0.04,0.06
2719,0.12,0.18,-0.27,-0.02
2720,0.02,-0.24,-0.28,-0.19
2721,-0.36,-0.45,-0.66,-0.51
2722,-0.37,-0.66,-0.83,-0.68
2723,-0.42,-0.43,-0.62,-0.5
2724,-0.51,0.1,-0.02,0.0
2725,0.75,0.11,1.14,0.5
2726,-0.2,0.05,0.37,0.19
2727,-0.62,-0.7,-0.67,-0.68
2728,0.42,0.09,-0.51,-0.12
2729,0.28,-0.03,-0.18,-0.03
2730,-0.29,-0.11,-0.22,-0.17
2731,-0.19,0.25,0.04,0.1
2732,-0.65,-0.24,-0.21,-0.26
2733,0.37,-0.24,-0.32,-0.17
2734,-0.05,0.04,-0.41,-0.18
2735,-0.15,0.21,-0.5,-0.08
2736,0.04,0.01,0.21,0.09
2737,-0.36,-0.41,-0.59,-0.49
2738,-0.08,0.05,0.18,0.11
2739,-0.24,-0.45,-0.61,-0.51
2740,-0.2,0.24,-0.13,0.09
2741,-0.03,0.03,-0.2,-0.07
2742,-0.14,0.21,0.35,0.22
2743,0.44,0.18,0.33,0.28
2744,-0.06,-0.09,-0.5,-0.26
2745,0.52,-0.17,0.12,0.01
2746,0.07,0.03,-0.44,-0.19
2747,-0.25,-0.09,-0.6,-0.25
2748,-0.52,-0.31,-0.88,-0.52
2749,0.01,-0.15,-0.45,-0.21
2750,-0.47,-0.24,-0.54,-0.37
2751,0,0.11,0.06,0.08
2752,0.87,0.38,-0.04,0.24
2753,-0.19,-0.22,-0.05,-0.12
2754,0.06,0.05,0.21,0.11
2755,-0.74,-0.22,-0.22,-0.27
2756,-0.19,0.04,0.04,0.02
2757,-0.15,-0.11,-0.34,-0.21
2758,0.4,0.36,0.31,0.33
2759,0.63,0.29,0.12,0.3
2760,0.39,0.34,0.45,0.41
2761,0.43,-0.29,-0.1,-0.14
2762,0.36,0.1,-0.2,0.01
2763,-0.03,-0.11,-0.53,-0.27
2764,-0.4,-0.26,-0.42,-0.32
2765,0,0.72,0.4,0.48
2766,0.01,1.09,0.84,0.84
2767,-0.25,-0.04,-0.3,-0.17
2768,0.29,0.19,0.2,0.21
2769,1.14,1.01,0.74,0.86
2770,-0.33,-1.04,-0.51,-0.73
2771,-0.42,-0.14,-0.16,-0.17
2772,-0.04,0.61,0.35,0.42
2773,0.22,0.28,0.28,0.27
2774,-0.41,-0.18,-0.19,-0.21
2775,0.63,0.22,-0.03,0.21
2776,-0.16,-0.24,-0.3,-0.25
2777,0.45,0.23,0.12,0.2
2778,-0.15,-0.08,-0.24,-0.15
2779,0.03,0.55,0.45,0.45
2780,0.07,-0.02,0,0.0
2781,0.07,0.32,0.04,0.19
2782,-0.32,-1.13,-0.34,-0.72
2783,0.2,0.26,0.22,0.23
2784,-0.05,0.44,0.42,0.32
2785,0.66,1.09,0.78,0.83
2786,0.38,1.06,0.83,0.89
2787,1.24,1.42,1.13,1.27
2788,0.1,0.2,0.54,0.35
2789,-0.11,0.22,-0.02,0.04
2790,-0.51,0.46,0.21,0.25
2791,0.27,-0.24,0.05,-0.1
2792,0.73,0.35,0.49,0.46
2793,0.28,0.31,0.18,0.24
2794,0.26,0.25,0.16,0.21
2795,0.15,0.3,0.01,0.13
2796,1.17,0.76,0.54,0.64
2797,0.39,0.69,0.6,0.61
2798,0.14,0.18,-0.15,0.07
2799,0.26,-0.18,0.15,0.03
2800,0.09,-0.03,-0.39,-0.14
2801,-0.16,-0.32,-0.7,-0.39
2802,0.08,-0.57,-0.61,-0.46
2803,-0.68,-0.24,-0.18,-0.3
2804,-0.54,0.3,0.19,0.18
2805,-0.42,-0.53,-0.67,-0.56
2806,-0.54,-0.93,-0.89,-0.84
2807,-0.48,-0.26,-0.29,-0.3
2808,0.51,0.33,-0.01,0.24
2809,-0.26,0.23,-0.28,0.03
2810,-0.21,-0.33,-0.48,-0.38
2811,-0.2,0.02,-0.27,-0.09
2812,-0.15,-0.4,-0.8,-0.42
2814,-0.18,-0.25,-0.72,-0.35
2815,-0.45,-0.3,-0.69,-0.41
2816,0.4,0.02,0.08,0.14
2817,0.18,-0.61,-0.82,-0.5
2818,0.09,0.25,-0.78,-0.06
2819,-0.53,-0.56,-0.6,-0.57
2820,-0.08,-0.26,-0.79,-0.39
2821,-0.1,-0.42,-0.79,-0.42
2822,0.18,0.05,-0.87,-0.24
2823,-0.27,-0.59,-1.17,-0.69
2824,-0.15,-0.59,-0.7,-0.59
2825,0.33,-0.7,-1.32,-0.7
2826,-0.34,-0.29,-0.43,-0.35
2827,-0.52,-0.25,-0.43,-0.34
2828,-0.16,0.44,0.01,0.2
2829,-0.24,0.24,0.37,0.17
2830,0.3,0.07,-0.58,-0.02
2831,-0.11,-0.15,-0.12,-0.13
2832,-0.2,0.22,0.2,0.18
2833,-0.41,-0.37,-0.19,-0.34
2834,0.07,-0.09,-0.6,-0.27
2835,-0.19,-0.27,-0.21,-0.23
2836,-0.12,0.1,-0.18,-0.05
2837,0.26,0.07,0.06,0.08
2838,-0.24,0.06,-0.1,-0.04
2839,-0.04,0.02,0.51,0.2
2840,0,0.25,0.07,0.16
2841,-0.16,0.65,0.67,0.56
2842,-0.1,0.01,0.33,0.15
2843,-0.34,0.1,-0.25,-0.11
2844,0.18,0.08,0,0.05
2845,-0.23,0.09,-0.22,-0.1
2846,0.16,0.41,0.33,0.34
2847,1.3,0.46,0.23,0.38
2848,0.39,0.15,-0.11,0.09
2849,0.14,0.14,-0.31,-0.05
2850,0.41,0.12,0.34,0.22
2851,0.31,0.11,0.11,0.14
2852,-0.28,-0.24,-0.11,-0.2
2853,-0.07,-0.27,-0.84,-0.33
2854,0.17,0.67,0,0.4
2855,0.4,-0.25,-0.55,-0.1
2856,-0.41,-0.39,-0.56,-0.44
2857,-0.54,-0.09,-0.3,-0.24
2858,-0.41,-0.03,-0.37,-0.22
2859,-0.43,-0.1,-0.59,-0.33
2860,0.54,0.18,-0.09,0.18
2861,-0.06,0.41,0.25,0.29
2862,-0.26,0.17,0.04,0.06
2863,-0.25,-0.17,-0.32,-0.24
2864,0.36,0.18,-0.21,0.12
2865,-0.23,-0.35,-0.07,-0.23
2866,0.1,0.27,0.44,0.31
2867,-0.1,-0.02,-0.16,-0.08
2868,-0.38,0,-0.24,-0.16
2869,0.09,0.08,-0.01,0.04
2870,-0.08,-0.04,-0.59,-0.29
2871,-0.03,0.35,0.06,0.17
2872,-0.4,0.01,-0.35,-0.2
2873,0.15,0.37,0.05,0.22
2874,-0.01,-0.24,-0.5,-0.3
2875,0.1,-0.37,-0.74,-0.37
2876,0.53,0.38,0.17,0.32
2877,-0.07,-0.29,0.06,-0.1
2878,-0.72,-0.31,-0.36,-0.38
2879,0.01,0.37,0.08,0.22
2880,0.65,0.89,0.39,0.54
2881,-0.15,0.19,-0.08,0.06
2882,0.49,0.69,0.72,0.69
2883,0.69,0.71,0.62,0.66
2884,0.17,-0.03,0.12,0.06
2885,0.76,0.89,0.59,0.75
2886,0.49,0.09,-0.29,0.07
2887,-0.48,-0.29,-0.38,-0.36
2888,0.49,0.64,0.62,0.61
2889,0.33,0,0.09,0.11
2890,-0.3,-0.02,-0.27,-0.14
2891,-0.67,-0.47,-0.41,-0.48
2892,-0.14,-0.27,-0.39,-0.31
2893,-0.4,-0.43,-0.69,-0.58
2894,-0.74,0.17,0.26,0.06
2895,0.18,-0.12,0.07,-0.02
2896,0.02,0.32,0.12,0.21
2897,-0.17,-0.17,0.1,-0.05
2898,-0.16,0.01,0.19,0.07
2899,0.17,0.4,0.37,0.37
2900,-0.72,-0.01,-0.04,-0.1
2901,-0.68,-0.33,0.02,-0.21
2902,0.05,-0.25,0.03,-0.09
2903,0.36,0.37,0.28,0.33
2904,0.88,0.82,0.99,0.92
2905,-0.72,-0.48,-0.49,-0.52
2906,0.03,-0.27,0.04,-0.11
2907,0.47,0.29,0.62,0.5
2908,-0.02,0.11,0.51,0.25
2909,0.03,0.18,0.17,0.16
2910,0.12,0.27,0.08,0.16
2911,-0.28,-0.06,0.03,-0.04
2912,-0.59,-0.6,-0.28,-0.5
2913,-0.4,0.15,0.09,0.07
2914,0.08,-0.11,-0.07,-0.07
2915,-0.26,-0.31,-0.56,-0.38
2916,0.19,-0.08,-0.29,-0.06
2917,0.02,0.39,-0.14,0.14
2918,0.02,0.32,0.11,0.21
2919,-0.01,0.32,0.16,0.21
2920,-0.28,-0.44,-0.26,-0.33
2921,0.08,-0.02,-0.07,-0.03
2922,-0.16,-0.46,-0.52,-0.47
2923,-0.71,-0.4,-0.17,-0.32
2924,0.28,-0.36,-0.35,-0.32
2925,0.66,-0.31,-0.09,-0.04
2926,0.07,0.09,0.14,0.1
2927,-0.23,-0.38,-0.37,-0.36
2928,0.01,0.24,0.24,0.19
2929,0.01,-0.51,-0.51,-0.44
2930,-0.46,-0.44,-0.49,-0.47
2931,-0.14,0.04,-0.18,-0.08
2932,-0.55,-0.21,-0.47,-0.36
2933,0.06,0.14,0.15,0.13
2934,-0.09,0.38,0.18,0.24
2935,-0.59,-0.07,-0.53,-0.28
2936,-0.26,-0.74,-1.34,-0.91
2937,-0.35,-0.62,-0.58,-0.58
2938,-0.26,-0.14,0.05,-0.05
2939,0.67,0.56,0.31,0.46
2940,-0.48,-0.7,-0.68,-0.65
2941,0.03,0.48,0.42,0.39
2942,0.19,0.19,0,0.12
2943,0.25,0.59,0.56,0.5
2944,-0.37,-0.5,-0.57,-0.5
2945,-0.11,0.39,0.26,0.21
2946,0.19,-0.45,-0.87,-0.46
2947,0.02,0.08,-0.15,0.01
2948,-0.45,-0.31,-0.06,-0.29
2949,0.22,0.33,-0.11,0.16
2950,0.35,0.2,0.13,0.21
2951,0.1,0.09,0.01,0.06
2952,0.2,0.23,0.24,0.23
2953,-0.1,0.24,0.22,0.17
2954,0.51,-0.14,-0.13,-0.02
2955,-0.45,-0.55,-0.53,-0.51
2956,0.49,0.09,0.61,0.39
2957,-0.04,0.58,0.1,0.27
2958,0.47,0.18,0.15,0.21
2959,0.19,0.13,0.33,0.18
2960,0.07,0.2,-0.2,0.05
2961,1.3,0.53,0.27,0.61
2962,0.03,0.35,0.12,0.22
2963,-0.2,-0.06,-0.13,-0.11
2964,0.29,0.48,0.59,0.49
2965,-0.18,0.26,0.18,0.18
2966,0.3,0.69,0.55,0.56
2967,0.36,0.32,0.42,0.36
2968,-0.24,-0.2,-0.34,-0.28
2969,-0.14,-0.09,-0.2,-0.14
2970,-0.01,-0.14,-0.35,-0.17
2971,0.44,0.26,0.26,0.28
2972,0.21,0.79,0.76,0.73
2973,0.24,-0.02,0.11,0.08
2974,0.09,0.39,0.11,0.22
2975,-0.68,-0.3,-0.66,-0.51
2976,0.22,-0.3,0.36,-0.02
2977,-0.38,-0.34,-0.37,-0.35
2978,-0.36,-0.83,-0.7,-0.7
2979,-0.3,-0.14,0.05,-0.09
2980,-0.38,-0.62,-0.15,-0.39
2981,0.2,0.27,0.05,0.15
2982,0.24,-0.62,-0.52,-0.46
2983,0.02,0.69,0.22,0.41
2984,0.43,-0.05,0.13,0.11
2985,-0.12,0,0.49,0.18
2986,1.37,0.92,0.97,0.98
2987,0.44,0.82,0.61,0.68
2988,0.28,0.14,-0.12,0.03
2989,0.28,0.17,0.04,0.13
2990,-0.42,0.11,-0.05,-0.04
2991,0.18,-0.08,-0.04,-0.03
2992,0.63,1.22,0.87,0.97
2993,0.51,0.4,0.51,0.48
2994,0.17,0.19,-0.22,0.05
2995,-0.23,-0.28,-0.1,-0.22
2996,0.49,0.68,0.62,0.64
2997,0.04,0.56,0.38,0.41
2998,0.7,0.98,0.36,0.71
2999,0.65,0.85,0.71,0.75
3000,-0.17,-0.08,0.03,-0.04
3001,-0.67,-0.2,-0.22,-0.29
3002,0.45,0.69,0.74,0.7
3003,1.14,0.96,0.87,0.9
3004,0.2,0.12,0.36,0.23
3005,-0.6,-0.48,-0.65,-0.57
3006,-0.46,-0.39,-0.68,-0.5
3007,0.96,0.05,-0.27,0.05
3008,0.63,0.34,0.32,0.39
3009,0.28,-0.09,-0.09,-0.01
3010,-0.15,-0.02,-0.42,-0.19
3011,-0.05,-0.09,-0.95,-0.36
3012,0.73,0.4,0.21,0.37
3013,0.23,0.14,0.15,0.15
3014,-0.21,0.15,-0.11,0.02
3015,0.38,0.39,0.16,0.28
3016,0.55,0.74,0.26,0.5
3017,-0.27,0.1,-0.21,-0.07
3018,0.26,0.71,0.23,0.46
3019,-0.11,-0.26,-0.05,-0.16
3020,0.39,0.72,0.56,0.62
3021,0.2,0.41,0.24,0.31
3022,-0.02,0.05,0.32,0.19
3023,0.2,0.1,-0.07,0.03
3024,-0.17,-0.06,-0.25,-0.15
3025,-0.03,-0.32,-0.22,-0.25
3026,-0.6,-0.47,-0.61,-0.53
3027,0.35,0.27,0.09,0.18
3028,-0.05,0.51,0.17,0.28
3029,-0.73,-0.74,-0.33,-0.56
3030,0.96,0.7,0.53,0.64
3031,-0.03,0.43,0.01,0.19
3032,0.01,-0.23,-0.23,-0.17
3033,0.06,-0.17,-0.44,-0.23
3034,0.44,-0.2,-0.07,-0.05
3035,-0.15,0.1,0.01,0.03
3036,-0.76,-0.63,-0.37,-0.5
3037,0.15,0.6,0.5,0.51
3038,-0.01,0.11,0.33,0.19
3039,-0.06,0.27,0.24,0.23
3040,0.28,-0.42,-0.3,-0.29
3041,0.45,0.47,0.39,0.44
3042,-0.25,-0.19,0.11,-0.15
3043,-0.29,-0.44,-0.95,-0.51
3044,0.12,-0.1,-0.13,-0.08
3045,-1.1,-0.42,-0.33,-0.46
3046,-0.06,0.1,-0.04,0.01
3047,0.12,-0.04,0.28,0.1
3048,0.3,0.39,0.4,0.39
3708,-0.63,-0.72,-0.23,-0.48
3709,0.95,0.68,0.07,0.46
3710,0.31,-0.19,0.21,0.03
3711,0.44,0.14,-0.36,-0.03
3712,0.15,-0.25,-0.32,-0.24
3713,-0.08,-0.02,-0.37,-0.16
3714,0.36,-0.06,0.14,0.06
3715,0.98,1,0.89,0.96
3716,-0.3,-0.01,-0.19,-0.14
3717,-0.1,0.01,-0.43,-0.14
3719,1.14,-0.05,-0.17,0.08
3721,-0.38,-0.41,0.08,-0.18
3722,0.43,-0.71,-0.29,-0.38
3723,0.61,0.12,-0.08,0.14
3724,-0.29,-0.2,-0.07,-0.17
3725,0.06,-0.5,-0.34,-0.35
3726,0.13,-0.51,-0.43,-0.4
3728,-0.01,0.06,-0.37,-0.15
3729,0.05,0.08,-0.46,-0.07
3731,0.93,0.66,0.67,0.68
3732,-0.17,-0.02,0.19,0.09
3733,0.44,0.26,-0.34,0.15
3734,1.05,1.29,0.66,0.98
3735,0.15,0.85,0.9,0.76
3736,0.77,0.39,0.6,0.5
3738,1.12,0.74,0.65,0.77
3739,0.83,1.06,0.85,0.92
3740,-0.04,-0.54,-1.17,-0.69
3741,0.09,-0.2,-0.17,-0.15
3742,0.55,0.2,-0.32,0.08
3743,0.31,0.39,0.24,0.33
3744,-0.07,0.14,-0.24,-0.01
3746,0.16,-0.24,-0.56,-0.33
3747,-1.69,-2.37,-3.31,-2.46
3748,0.81,-0.14,0.06,0.06
3749,0.77,1.03,0.81,0.89
3750,-0.16,-0.09,-0.26,-0.16
3751,0.53,0.51,0.42,0.46
3752,0.18,0.12,0.09,0.11
3753,0.69,0.07,-0.45,0.04
3754,0.47,0.24,-0.32,0.15
3755,0.63,0.58,0.46,0.56
3756,-0.1,-0.61,-0.8,-0.56
3757,-0.05,0.39,0.11,0.23
3758,-0.45,-0.03,-0.31,-0.19
3759,0.23,-0.07,0.01,-0.01
3760,0.5,-0.21,0.37,0.08
3761,0.29,-0.3,-0.05,-0.07
3762,0.43,0.01,0.39,0.2
3763,-0.84,0.08,-0.38,-0.24
3764,0.63,-0.1,-0.05,-0.01
3769,0.59,0.26,0.29,0.3
3770,0.23,-0.43,-0.4,-0.23
3771,-0.17,1.03,0.93,0.85
3772,0.43,0.14,0.15,0.18
3773,-0.05,-0.32,-0.8,-0.37
3774,0.57,-0.25,-0.24,-0.1
3775,0.65,1.26,1.03,1.07
3776,0.53,0.48,0.41,0.47
3777,-0.12,-0.16,-0.34,-0.21
3778,0.63,0.71,0.42,0.58
3779,0.09,0.06,0.1,0.08
3780,0.39,0.3,-0.4,0.04
3781,0.49,0.55,0.26,0.39
3782,0.98,0.74,0.57,0.71
3783,0.52,0.17,0.4,0.34
3784,-0.43,0.38,0.45,0.37
3787,0.55,0.8,0.84,0.8
3788,0.02,-0.54,-0.74,-0.46
3790,0.43,-0.29,-0.14,-0.13
3791,-0.14,-0.2,-0.37,-0.26
3792,-0.8,-0.82,-1.45,-0.96
3793,0.22,-0.05,-0.28,-0.09
3794,0.06,0.18,-0.58,-0.09
3795,-0.12,0.21,-0.46,-0.07
3796,0.09,0.04,-0.16,-0.03
3797,0.21,0.16,-0.15,0.09
3798,-0.3,-0.28,-0.84,-0.53
3799,-0.28,-0.54,-0.83,-0.61
3800,-0.2,0,0.08,0.01
3801,-0.38,-0.89,-1.95,-1.06
3802,0.75,-0.23,-0.12,-0.08
3803,0.69,0.57,0.2,0.51
3805,-1.2,-1.15,-0.85,-1.04
3806,0.38,-0.58,-0.52,-0.42
3807,-0.24,-0.39,-0.69,-0.44
3808,-0.27,0.36,0.04,0.14
3810,0.26,-0.45,-0.49,-0.42
3811,-1.26,-2.41,-3.26,-2.36
3813,-0.39,-0.25,-0.46,-0.35
3814,-0.99,-0.89,-0.69,-0.82
3816,-0.78,-1.24,-1.26,-1.18
3817,0.05,-0.59,-0.75,-0.51
3818,-0.39,-0.82,-0.76,-0.75
3819,-0.16,0.37,0.4,0.26
3820,0.21,0.07,0.01,0.06
3822,-0.21,-0.36,-0.1,-0.26
3823,-0.27,-0.15,-0.04,-0.14
3824,-0.64,-0.96,-0.81,-0.88
3825,-0.22,-0.84,-0.9,-0.82
3826,-0.17,-0.59,-1.42,-0.77
3827,-0.11,0,-0.03,-0.03
3828,-0.56,-1.16,-1.44,-1.25
3829,-0.18,0.05,-0.25,-0.1
3830,0.35,0.03,-0.07,0.02
3831,0.16,0.16,-0.38,0.0
3834,-0.5,-0.95,-0.63,-0.8
3835,-0.24,-0.45,-0.56,-0.46
3836,0.51,0.63,0.19,0.39
3837,0.21,-0.24,-0.44,-0.21
3838,0.51,0.83,0.39,0.6
3839,-0.21,-0.23,-0.48,-0.33
3840,-0.06,0.13,0,0.05
3841,-0.22,-0.09,-0.09,-0.1
3842,0.49,0.63,0.73,0.67
3843,-0.41,0.11,-0.56,-0.2
3844,0.59,0.51,0.52,0.53
3845,0.61,0.47,0.29,0.45
3846,-0.43,-0.19,-0.85,-0.41
3847,-0.09,-0.21,-0.18,-0.17
3848,0.65,0.47,0.19,0.43
3849,-0.69,-0.01,-0.01,-0.08
3850,0.25,0.23,0.33,0.25
3851,0.29,-0.34,0.35,0.06
3852,-0.22,-0.72,-1.19,-0.66
3853,-0.34,-0.3,-0.17,-0.28
3854,0.4,0.37,-0.24,0.24
3855,-1.39,-1.27,-1.58,-1.4
3856,0.37,0.36,0.09,0.23
3857,-0.46,0.08,-0.18,-0.1
3858,0.49,0.15,0.19,0.22
3859,0.71,0.23,0.55,0.46
3860,-0.59,-0.31,-0.34,-0.36
3861,-1.01,-0.74,-0.97,-0.84
3862,-0.62,-1.15,-1.23,-1.14
3863,-0.11,-0.06,-0.19,-0.09
3864,0.24,0.07,-0.18,0.04
3865,0.23,0.46,0.21,0.3
3866,0.87,0.38,-0.38,0.1
3867,-0.58,-0.53,-0.4,-0.49
3868,-0.53,-0.51,-1.03,-0.69
3869,0.02,0.28,0.13,0.18
3870,0.2,0.04,-0.26,-0.13
3872,-0.16,-0.68,-0.29,-0.42
3873,0.67,0.27,-0.2,0.15
3874,0.79,0.3,0.46,0.42
3875,-0.85,-1.51,-1.92,-1.46
3876,-0.39,-0.36,-0.38,-0.37
3877,0.05,0.4,0.08,0.21
3878,0.55,0.43,0.17,0.32
3879,-0.13,-0.69,-0.71,-0.61
3880,0.64,0.65,0.42,0.57
3882,-0.02,0.53,0.76,0.56
3883,-0.27,0.12,0.28,0.12
3884,-0.47,-0.26,-0.82,-0.46
3885,0.25,0.26,-0.17,0.08
3886,0.31,0.46,0.55,0.49
3887,0.47,0.31,-0.2,0.16
3889,-0.17,-0.32,-0.11,-0.23
3890,-0.59,-0.17,0.16,-0.11
3891,-0.18,-0.26,-0.34,-0.27
3892,-0.17,-0.41,-0.51,-0.41
3893,0.52,0.48,-0.07,0.33
3894,-0.54,-0.25,-0.6,-0.41
3895,-0.02,0.01,0.05,0.02
3896,0.05,-1.12,-0.84,-0.87
3897,-0.13,-0.26,-0.34,-0.28
3898,0.5,0.12,-0.39,-0.01
3901,0.2,-0.11,-0.1,-0.08
3903,0.34,0.27,0.37,0.31
3904,0.54,0.47,-0.14,0.22
3905,-0.09,0.13,-0.11,0.02
3906,0.32,-0.09,-0.05,-0.01
3907,-0.21,-0.42,-0.21,-0.31
3908,0.02,-0.14,-0.1,-0.1
3909,-0.23,-0.38,-0.2,-0.3
3910,-0.11,-0.25,-0.19,-0.22
3911,-0.23,-0.22,0.01,-0.14
3912,-0.22,-0.28,-0.48,-0.35
3913,-0.19,0.09,0.1,0.06
3914,0.03,-0.03,0.05,0.01
3915,-0.31,0.03,-0.39,-0.19
3916,-0.34,0.1,-0.09,-0.05
3917,0.32,0.34,0.19,0.29
3918,-0.22,-0.21,0.08,-0.07
3919,-0.16,-0.4,-0.37,-0.37
3920,0.16,0.36,-0.05,0.18
3921,0.96,0.47,0.61,0.6
3922,-0.6,-0.74,-0.55,-0.65
3923,0.66,-0.02,0,0.13
3924,0.41,-0.14,-0.08,-0.05
3925,-1.97,-2.45,-2.55,-2.35
3926,-0.11,0.5,0.45,0.41
3927,-0.22,0.14,-0.09,-0.03
3928,-0.46,-0.43,-0.85,-0.59
3929,-0.52,-0.17,-0.3,-0.29
3930,-0.07,-0.93,-0.21,-0.49
3931,-0.59,-0.62,-0.6,-0.61
3932,-0.34,-0.35,-0.16,-0.3
3933,-0.65,-1.14,-1.11,-1.04
3934,-0.19,-0.2,-0.05,-0.13
3935,0.17,-0.01,-0.18,-0.06
3936,-0.17,-0.03,-0.16,-0.1
3937,1.16,0.52,0.46,0.52
3938,0.67,-0.02,-0.22,0.01
3939,-0.28,-0.16,-0.53,-0.31
3940,0.02,-0.94,-0.89,-0.77
3941,0.28,0.07,-0.54,-0.04
3942,0.18,0.24,-0.21,0.03
3943,-0.16,-0.05,-0.09,-0.09
3944,0.29,0.55,0.43,0.47
3945,0.34,0.29,0.12,0.21
3946,-0.03,0.03,-0.49,-0.23
3947,0,-0.64,-0.14,-0.41
3948,0.71,-0.22,-0.29,-0.09
3949,-0.14,0.29,-0.04,0.06
3950,0.55,-0.01,0.42,0.23
3951,-0.42,-0.25,0.04,-0.14
3952,-0.03,0.14,0.36,0.23
3953,0.46,0.4,0.92,0.52
3954,-0.14,0.08,-0.46,-0.18
3955,0.81,-0.34,-0.29,-0.18
3956,0.82,0.83,0.21,0.49
3957,0.26,0.05,-0.04,0.04
3958,0.03,-0.3,-0.21,-0.22
3959,-0.16,0.15,0.13,0.11
3960,0.1,0.24,0.5,0.38
3961,-0.38,0.15,-0.03,0.02
3964,-0.63,-0.17,-0.02,-0.16
3965,-0.53,-0.83,-0.27,-0.63
3966,0.06,0.05,-0.28,-0.05
3967,0.67,0.59,0.88,0.73
3969,0.74,0.94,1.15,1.04
3971,-0.2,-0.07,-0.28,-0.19
3972,0.02,-0.18,-0.05,-0.1
3973,-0.71,-0.73,-0.6,-0.68
3975,-0.07,0.11,-0.24,-0.08
3976,-0.4,-0.62,-0.68,-0.61
3978,-0.13,0.34,-0.11,0.13
3979,0.03,-0.18,-0.4,-0.23
3982,0.24,0.24,0.03,0.16
3983,0.14,-0.29,-0.11,-0.16
3984,-0.07,-0.54,-0.17,-0.39
3985,-0.05,-0.3,-0.69,-0.38
3988,0.08,-0.38,-0.67,-0.44
3989,0.32,-0.2,-0.14,-0.13
3990,0.6,0.32,0.02,0.28
3991,1.3,1.3,1.02,1.21
3993,-0.15,-0.11,0.04,-0.05
3994,-0.26,-0.23,-0.33,-0.26
3995,-0.39,-0.39,-0.94,-0.53
3996,0.23,-0.16,-0.94,-0.24
3997,-0.62,-0.58,-1.57,-0.87
4001,0.69,0.43,0.32,0.44
4002,1.48,1.02,0.79,0.97
4003,-0.44,-0.36,-0.62,-0.44
4004,-0.27,0.01,-1.07,-0.3
4005,0.41,0.22,0.02,0.16
4007,-0.17,-0.56,-1.21,-0.58
4008,-0.57,-0.12,-0.56,-0.31
4009,0.12,0.23,0.01,0.14
4010,0.3,0.36,0.49,0.41
4012,-1.17,-1.29,-1.81,-1.33
4015,-0.38,-0.42,-0.38,-0.39
4016,1.6,1.38,1.27,1.35
4017,-0.73,-1.57,-1.77,-1.48
4018,-0.69,-0.87,-0.93,-0.87
4019,0.25,-0.13,-0.24,-0.11
4020,-0.56,-1.07,-0.92,-0.96
4021,-0.35,-0.34,-0.3,-0.33
4022,-0.35,-0.52,-0.69,-0.58
4023,0.83,0.91,0.8,0.83
4024,0.56,-0.39,-0.66,-0.42
4025,0.65,0.59,-0.03,0.44
4026,0.02,0.57,0.21,0.4
4028,-0.8,-0.21,-0.15,-0.25
4029,-0.2,0.11,-0.16,-0.03
4030,-0.14,-0.26,-0.1,-0.18
4031,0.05,-0.06,-0.16,-0.1
4032,-0.21,-0.19,-0.32,-0.24
4035,0.49,0.41,0.32,0.37
4036,-0.14,-0.27,-0.35,-0.29
4037,-0.31,0.08,0.01,0.01
4038,0.11,-0.37,-1.43,-0.55
4039,-0.48,0.37,0.09,0.15
4040,-0.03,0.13,-0.17,0.0
4041,-0.68,-0.08,-0.32,-0.26
4042,-0.27,-0.3,-0.48,-0.35
4043,-1.07,-1.34,-1.1,-1.26
4044,-0.41,-0.53,-0.51,-0.51
4045,-0.19,-0.06,0.31,0.14
4046,0.31,0.29,0.22,0.25
4047,0.37,0.66,0.38,0.5
4048,-0.24,-0.36,-0.32,-0.33
4049,-0.46,-0.68,-0.54,-0.6
4050,-0.3,-0.86,-1.06,-0.86
4051,-0.06,0.45,0.05,0.25
4052,-0.39,-0.24,-0.55,-0.38
4053,-0.06,0.71,0.41,0.47
4054,-0.1,0.11,-0.37,-0.09
4055,-0.76,-0.2,-0.68,-0.44
4056,0.33,0.16,-0.03,0.15
4057,-0.25,-0.1,0.4,0.04
4058,0.23,-0.77,-0.87,-0.66
4059,0.18,0.18,0.32,0.25
4060,-0.09,-0.08,0.24,0.13
4062,0.52,0.66,0.48,0.55
4064,-0.05,0.08,-0.09,-0.01
4065,0.78,0.5,0.15,0.34
4066,0.43,0.33,0.25,0.3
4067,1.19,0.88,0.69,0.77
4068,-0.43,-0.42,-0.45,-0.43
4069,-0.22,-0.46,-1.46,-0.6
4070,0.16,-0.1,-0.41,-0.12
4071,0.83,0.52,0.73,0.62
4074,-0.02,0.04,-0.11,-0.02
4075,-0.76,-0.46,-1.61,-0.69
4077,-0.67,-0.67,-0.62,-0.65
4078,-0.21,-0.23,-0.57,-0.37
4079,-0.21,0.1,-0.01,0.02
4080,-0.03,-0.09,-0.46,-0.18
4081,-0.4,-0.41,-1.13,-0.56
4082,-1.39,-1.22,-1.94,-1.47
4083,0.23,-0.05,0.06,0.06
4084,-0.1,0.14,-0.28,0.0
4085,-0.01,-0.56,-0.35,-0.39
4086,-0.39,-0.28,-0.39,-0.34
4087,-0.16,-0.79,-0.02,-0.53
4088,-0.31,0.23,-0.01,0.05
4089,-0.11,0.45,0.18,0.26
4090,0.04,0.28,0.35,0.26
4091,-0.2,0.05,-0.54,-0.23
4092,0.9,0.75,0.33,0.54
4093,-0.77,-0.27,-0.21,-0.34
4094,0.64,0.18,0.06,0.19
4095,-0.53,-0.91,-0.86,-0.81
4096,-0.09,0.34,0.05,0.17
4097,-0.29,-0.3,-0.38,-0.31
4098,-0.52,-0.96,-1.19,-0.99
4099,0.14,-0.07,-0.67,-0.2
4100,0.6,-0.07,0.18,0.17
4101,0.23,0.16,-0.07,0.05
4102,-0.34,-0.63,-0.83,-0.64
4104,0.35,0.06,0.03,0.08
4105,-0.63,-0.62,-0.72,-0.64
4106,0.24,0.2,0.53,0.38
4107,-0.14,0.12,0.1,0.05
4108,0.15,-0.04,0.17,0.06
4109,-0.36,-0.33,0.06,-0.17
4110,-0.09,0.72,0.79,0.67
4111,0.14,0.05,0.21,0.14
4112,0.55,-0.42,0.03,0.03
4113,0.04,-0.2,0.12,-0.04
4114,0.45,0.43,0.22,0.35
4115,0.38,-0.34,-0.49,-0.34
4116,0.37,0.5,0.22,0.42
4117,-0.39,-0.17,-0.27,-0.24
4118,-0.27,0.33,-0.08,0.07
4119,-0.35,-0.18,0.16,-0.04
4121,-1.04,-0.97,-1.45,-1.1
4122,0.66,0.93,0.41,0.7
5434,-0.02,0.13,-0.16,-0.03
5435,0.13,-0.26,-0.64,-0.35
5437,0.29,-0.37,-0.79,-0.48
5439,-0.03,-0.37,-0.1,-0.22
5440,-0.24,-0.48,-0.35,-0.4
5441,-0.66,-0.45,-0.86,-0.61
5442,-0.62,-0.29,-0.34,-0.35
5443,-0.34,-0.34,-0.51,-0.42
5444,0.13,-0.24,-0.57,-0.29
5445,0.25,0.16,-0.24,0.1
5446,-0.36,-0.61,-0.95,-0.63
5447,-0.37,-0.53,-0.51,-0.5
5448,-1.52,-1.66,-2.53,-1.91
5449,-0.17,0.19,0.07,0.11
5453,-0.24,-0.66,-0.78,-0.67
5454,0.04,-0.36,-0.37,-0.29
5455,-0.25,-0.13,-0.54,-0.34
5456,0.41,-0.42,-0.71,-0.37
5457,0.08,-0.25,-0.6,-0.31
5458,-0.66,-0.48,-0.8,-0.64
5459,-0.33,-0.24,-0.26,-0.26
5460,-0.31,-0.18,-0.17,-0.18
5461,-0.48,-0.4,-0.15,-0.33
5462,-0.07,-0.08,-0.53,-0.22
5463,-0.4,-0.71,-0.21,-0.5
5464,-0.22,-0.32,-0.44,-0.36
5465,0.32,0.62,0.64,0.6
5466,0.29,-0.47,-0.46,-0.41
5467,-0.49,-0.28,-0.55,-0.41
5468,0.3,0.1,-0.01,0.06
5469,-0.03,0.4,0.31,0.3
5470,0.72,-0.02,0.22,0.13
5471,1.16,1.23,0.98,1.15
5472,0.26,0.35,0.11,0.22
5473,0.26,0.06,0.31,0.18
5474,-0.99,-0.83,-0.58,-0.77
5475,-0.18,-0.21,-0.06,-0.15
5476,-0.15,-0.1,0.04,-0.07
5477,0.16,0.27,0.09,0.2
5478,-0.01,-0.04,0.12,0.02
5479,0.51,0.06,-0.11,0.1
5482,0.19,-0.2,-0.54,-0.17
5483,-0.07,0.18,-0.38,-0.04
5484,-0.25,-0.39,-0.75,-0.42
5485,0.07,0.45,0.28,0.33
5486,-0.28,-0.73,-0.64,-0.63
5488,-0.65,-0.13,-0.21,-0.24
5489,0.37,-0.03,0.19,0.12
5490,0.27,0.73,0.33,0.5
5491,0.04,-0.27,-0.59,-0.3
5492,-0.35,-0.92,-1.61,-0.9
5493,-0.69,-1.29,-0.73,-0.96
5494,-0.49,-0.11,0.17,-0.07
5497,-0.07,-0.53,-0.91,-0.52
5580,-2.03,-2.73,-2.62,-2.52
